Company,href,id,Name,City,Country,Latitude,Longitude,Population
['ЗАО «СитиБайк»'],/v2/networks/velobike-moscow,velobike-moscow,Velobike,Moscow,ru,55.75,37.616667,10381288.0
['Gobike A/S'],/v2/networks/bycyklen,bycyklen,Bycyklen,Copenhagen,dk,55.673582,12.564984,1089958.0
['Gobike A/S'],/v2/networks/nu-connect,nu-connect,Nu-Connect,Utrecht,nl,52.117,5.067,267044.0
['Urban Infrastructure Partner'],/v2/networks/baerum-bysykkel,baerum-bysykkel,Bysykkel,Bærum,no,59.89455,10.546343,
['Gobike A/S'],/v2/networks/bysykkelen,bysykkelen,Bysykkelen,Stavanger,no,58.969975,5.733107,173535.0
['Domoblue'],/v2/networks/onroll-a-rua,onroll-a-rua,Onroll,A Rúa,es,42.392049,-7.114634,
['Domoblue'],/v2/networks/onroll-albacete,onroll-albacete,Onroll,Albacete,es,38.98913,-1.858485,155083.0
['Domoblue'],/v2/networks/onroll-alhama-de-murcia,onroll-alhama-de-murcia,Onroll,Alhama de Murcia,es,37.849831,-1.424891,18060.0
['Domoblue'],/v2/networks/onroll-almunecar,onroll-almunecar,Onroll,Almuñécar,es,36.735789,-3.688828,22157.0
['Domoblue'],/v2/networks/onroll-antequera,onroll-antequera,Onroll,Antequera,es,37.018427,-4.563775,44464.0
['Domoblue'],/v2/networks/onroll-aranda-de-duero,onroll-aranda-de-duero,Onroll,Aranda de Duero,es,41.667601,-3.689526,30326.0
['Domoblue'],/v2/networks/onroll-aranjuez,onroll-aranjuez,Onroll,Aranjuez,es,40.03097,-3.605742,45125.0
['Domoblue'],/v2/networks/onroll-badajoz,onroll-badajoz,Onroll,Badajoz,es,38.873627,-6.99451,133042.0
['Domoblue'],/v2/networks/onroll-baeza,onroll-baeza,Onroll,Baeza,es,37.99537,-3.468248,15149.0
['Domoblue'],/v2/networks/onroll-benidorm,onroll-benidorm,Onroll,Benidorm,es,38.541251,-0.126808,60603.0
['Domoblue'],/v2/networks/onroll-blanca,onroll-blanca,Onroll,Blanca,es,38.178195,-1.372402,
['Domoblue'],/v2/networks/onroll-cieza,onroll-cieza,Onroll,Cieza,es,38.239139,-1.417262,36545.0
['Domoblue'],/v2/networks/onroll-don-benito-villanueva,onroll-don-benito-villanueva,Onroll,Don Benito - Villanueva,es,38.964699,-5.829693,
['Domoblue'],/v2/networks/onroll-el-campello,onroll-el-campello,Onroll,El Campello,es,38.419616,-0.398388,
['Domoblue'],/v2/networks/onroll-elche,onroll-elche,Onroll,Elche,es,38.2668,-0.696217,
['Domoblue'],/v2/networks/onroll-guadalajara,onroll-guadalajara,Onroll,Guadalajara,es,40.633021,-3.166097,79616.0
['Domoblue'],/v2/networks/onroll-jaen,onroll-jaen,Onroll,Jaén,es,37.777738,-3.790758,116291.0
['Domoblue'],/v2/networks/onroll-lalin,onroll-lalin,Onroll,Lalín,es,42.658626,-8.114976,20266.0
['Domoblue'],/v2/networks/onroll-las-palmas,onroll-las-palmas,Onroll,Las Palmas de Gran Canaria,es,28.124302,-15.425994,
['Domoblue'],/v2/networks/onroll-montilla,onroll-montilla,Onroll,Montilla,es,37.584151,-4.641359,23157.0
['Domoblue'],/v2/networks/onroll-novelda,onroll-novelda,Onroll,Novelda,es,38.386447,-0.767134,28974.0
['Domoblue'],/v2/networks/onroll-mula,onroll-mula,Onroll,Mula,es,38.040805,-1.497451,16172.0
['Domoblue'],/v2/networks/onroll-o-barco,onroll-o-barco,Onroll,O Barco,es,42.413993,-6.982913,
['Domoblue'],/v2/networks/onroll-palencia,onroll-palencia,Onroll,Palencia,es,42.005639,-4.527022,77438.0
['Domoblue'],/v2/networks/onroll-paiporta,onroll-paiporta,Onroll,Paiporta,es,39.427609,-0.416876,20134.0
['Domoblue'],/v2/networks/onroll-pinto,onroll-pinto,Onroll,Pinto,es,40.245741,-3.698611,34665.0
['Domoblue'],/v2/networks/onroll-priego-de-cordoba,onroll-priego-de-cordoba,Onroll,Priego de Córdoba,es,37.440517,-4.201188,22604.0
['Domoblue'],/v2/networks/onroll-puerto-lumbreras,onroll-puerto-lumbreras,Onroll,Puerto Lumbreras,es,37.556652,-1.811508,12542.0
['Domoblue'],/v2/networks/onroll-puertollano,onroll-puertollano,Onroll,Puertollano,es,38.691396,-4.107794,49130.0
['Domoblue'],/v2/networks/onroll-redondela,onroll-redondela,Onroll,Redondela,es,42.299964,-8.615428,29583.0
['Domoblue'],/v2/networks/onroll-salamanca,onroll-salamanca,Onroll,Salamanca,es,40.966771,-5.665432,155175.0
['Domoblue'],/v2/networks/onroll-san-javier,onroll-san-javier,Onroll,San Javier,es,37.783704,-0.808097,22276.0
['Domoblue'],/v2/networks/onroll-san-pedro,onroll-san-pedro,Onroll,San Pedro del Pinatar,es,37.827578,-0.783944,18460.0
['Domoblue'],/v2/networks/onroll-sant-joan,onroll-sant-joan,Onroll,Sant Joan d'Alacant,es,38.399839,-0.434522,
['Domoblue'],/v2/networks/onroll-segovia,onroll-segovia,Onroll,Segovia,es,40.941941,-4.112397,55902.0
['Domoblue'],/v2/networks/onroll-soria,onroll-soria,Onroll,Soria,es,41.763653,-2.467069,35129.0
['Domoblue'],/v2/networks/onroll-talavera,onroll-talavera,Onroll,Talavera de la Reina,es,39.961829,-4.830319,82704.0
['Domoblue'],/v2/networks/onroll-ubeda,onroll-ubeda,Onroll,Úbeda,es,38.011463,-3.373276,33052.0
['Domoblue'],/v2/networks/onroll-universidad-de-granada,onroll-universidad-de-granada,Onroll,"Universidad de Granada, Granada",es,37.182438,-3.604219,
['Comunicare S.r.l.'],/v2/networks/bicincitta-siena,bicincitta-siena,Bicincittà,Siena,it,43.3186,11.3306,47922.0
['Domoblue'],/v2/networks/onroll-via-verde,onroll-via-verde,Onroll Via Verde,Noia - Portosin - Porto do Son,es,42.768127,-8.908513,
['Domoblue'],/v2/networks/onroll-villaquilambre,onroll-villaquilambre,Onroll,Villaquilambre,es,42.642358,-5.535311,
['Domoblue'],/v2/networks/onroll-vinaros,onroll-vinaros,Onroll,Vinaròs,es,40.468258,0.466972,
['Cyclopolis Systems'],/v2/networks/cyclopolis-maroussi,cyclopolis-maroussi,Cyclopolis,Maroussi,gr,38.0568722388,23.8083299536,
"['Groundwork', 'Slough Borough Council', 'ITS']",/v2/networks/cycle-hire-slough,cycle-hire-slough,Cycle Hire,Slough,gb,51.51135,-0.591562,134072.0
['Cyclopolis Systems'],/v2/networks/cyclopolis-nafplio,cyclopolis-nafplio,Cyclopolis,Maroussi,gr,37.5639397319,22.8093402872,
['Comunicare S.r.l.'],/v2/networks/bicincitta-parco-dei-colli-di-bergamo,bicincitta-parco-dei-colli-di-bergamo,Bicincittà,Parco dei Colli di Bergamo,it,45.72295637032245,9.649230073016383,
['Cyclopolis Systems'],/v2/networks/cyclopolis-aigialeia,cyclopolis-aigialeia,Cyclopolis,Maroussi,gr,38.2511101325,22.0821570196,
['Cyclopolis Systems'],/v2/networks/cyclopolis-marathon,cyclopolis-marathon,Cyclopolis,Marathon,gr,38.0855680022,23.9776389963,
['Comunicare S.r.l.'],/v2/networks/bicincitta-mantova,bicincitta-mantova,Bicincittà,Mantova,it,45.15866370764634,10.783718973016335,45959.0
['Cyclopolis Systems'],/v2/networks/cyclopolis-neasmyrni,cyclopolis-neasmyrni,Cyclopolis,Νea Smyrni,gr,37.9381,23.7126,
['Cyclopolis Systems'],/v2/networks/cyclopolis-moschatotavros,cyclopolis-moschatotavros,Cyclopolis,Μoschato-Tavros,gr,37.9538991434,23.6824746661,
['Cyclopolis Systems'],/v2/networks/cyclopolis-arxaiaolympia,cyclopolis-arxaiaolympia,Cyclopolis,Αrxaia Olympia,gr,37.6419700934,21.6247265179,
['Cyclopolis Systems'],/v2/networks/cyclopolis-kiato,cyclopolis-kiato,Cyclopolis,Kιato,gr,38.0132674508,22.7493819902,
['Comunicare S.r.l.'],/v2/networks/bicincitta-assemini,bicincitta-assemini,Bicincittà,Assemini,it,39.28956306007679,9.006601555294765,
['Cyclopolis Systems'],/v2/networks/cyclopolis-rhodes,cyclopolis-rhodes,Cyclopolis,Rhodes,gr,36.4509118,28.2246966,
['Cyclopolis Systems'],/v2/networks/cyclopolis-florina,cyclopolis-florina,Cyclopolis,Florina,gr,40.8016111,21.4245222,
['Comunicare S.r.l.'],/v2/networks/bicincitta-tortoli,bicincitta-tortoli,Bicincittà,Tortolì,it,39.92664489852196,9.654953570777934,11127.0
['Cyclopolis Systems'],/v2/networks/cyclopolis-limnos,cyclopolis-limnos,Cyclopolis,Limnos,gr,39.8747861,25.0586722,
['Comunicare S.r.l.'],/v2/networks/bicincitta-gaeta,bicincitta-gaeta,Bicincittà,Gaeta,it,41.209620965538036,13.584335125656139,22566.0
['Comunicare S.r.l.'],/v2/networks/bicincitta-borgarello,bicincitta-borgarello,Bicincittà,Borgarello,it,45.23963753440171,9.136150475640875,
['Comunicare S.r.l.'],/v2/networks/bicincitta-pizzighettone-formigara,bicincitta-pizzighettone-formigara,Bicincittà,Pizzighettone e Formigara,it,45.186748819167434,9.778087948479424,
['The National Transport Authority'],/v2/networks/cork,cork,Coca-Cola Zero® Bikes,Cork,ie,51.893604,-8.494174,188908.0
['The National Transport Authority'],/v2/networks/limerick,limerick,Coca-Cola Zero® Bikes,Limerick,ie,52.668746,-8.627809,90054.0
['BTS Group Holdings'],/v2/networks/punpunbikeshare,punpunbikeshare,Pun Pun Bike Share,Bangkok,th,13.75,100.516667,5104475.0
['The National Transport Authority'],/v2/networks/galway,galway,Coca-Cola Zero® Bikes,Galway,ie,53.2783491544,-9.05069143207,70686.0
['Bike U Sp. z o.o.'],/v2/networks/bbbike,bbbike,BBBike,Bielsko-Biała,pl,49.8225,19.044444,
['Comunicare S.r.l.'],/v2/networks/bicincitta-montecatini-terme,bicincitta-montecatini-terme,Bicincittà,Montecatini Terme,it,43.88362791665083,10.764385656591799,
['Bike U Sp. z o.o.'],/v2/networks/bikeu-bra,bikeu-bra,Bydgoski rower aglomeracyjny,Bydgoszcz,pl,53.12193,18.00038,366452.0
"['PBSC', 'Serco Group plc']",/v2/networks/santander-cycles,santander-cycles,Santander Cycles,London,gb,51.51121389999999,-0.1198244,7421228.0
"['PBSC', 'Alta Bicycle Share, Inc']",/v2/networks/we-cycle,we-cycle,WE-cycle,"Aspen, CO",us,39.194951,-106.837002,
['Comunicare S.r.l.'],/v2/networks/bicincitta-carrara,bicincitta-carrara,Bicincittà,Carrara,it,44.07731805550891,10.097172450401331,67228.0
"['PBSC', 'Alta Bicycle Share, Inc']",/v2/networks/wowcycle-reykjavik,wowcycle-reykjavik,WOW Citybike,Reykjavík,is,64.128288,-21.827774,113907.0
['Transparenzportal Hamburg'],/v2/networks/stadtrad-hamburg,stadtrad-hamburg,StadtRAD Hamburg',Hamburg,de,53.57532,10.01534,1733846.0
['Comunicare S.r.l.'],/v2/networks/tigullionbike,tigullionbike,Tigullionbike,Sestri Levante - Lavagna,it,44.272554,9.395714,
['Comunicare S.r.l.'],/v2/networks/arbike,arbike,ARbike,Arezzo,it,43.473333,11.87,95233.0
"['Velobike.kz, LLP', 'Smoove']",/v2/networks/velobike,velobike,Velobike,Astana,kz,51.166667,71.416667,345621.0
['Smovengo'],/v2/networks/velib,velib,Velib' Métropôle,Paris,fr,48.856614,2.3522219,2110694.0
"['Sistema de Transporte Metropolitano', 'Intendencia de Montevideo']",/v2/networks/movete,movete,Movete,Montevideo,uy,-34.9011127,-56.164531399,1305865.0
['Comunicare S.r.l.'],/v2/networks/ascoli-piceno,ascoli-piceno,Ascoli Piceno,Ascoli Piceno,it,42.85,13.583333,50092.0
['Comunicare S.r.l.'],/v2/networks/bigi,bigi,BiGi,Bergamo,it,45.695,9.67,113603.0
['ICNITA S.L.'],/v2/networks/girocleta,girocleta,Girocleta,Girona,es,41.9794005,2.8214264,85128.0
['Comunicare S.r.l.'],/v2/networks/alba,alba,Alba,Alba,it,44.716667,8.083333,30860.0
['ClearChannel'],/v2/networks/bikemi,bikemi,BikeMi,Milano,it,45.4654542,9.186516,
['Comunicare S.r.l.'],/v2/networks/biella,biella,Biella,Biella,it,45.5775,8.051111,45636.0
['Comunicare S.r.l.'],/v2/networks/chivasso,chivasso,Chivasso,Chivasso,it,45.189765,7.888935,23591.0
['ClearChannel'],/v2/networks/bizi,bizi,Bizi,Zaragoza,es,41.6487908,-0.8895811,635509.0
['ClearChannel'],/v2/networks/ecobici,ecobici,EcoBici,Cd de México,mx,19.4326077,-99.133208,
['Comunicare S.r.l.'],/v2/networks/bici-in-busto,bici-in-busto,Bici in Busto,Busto Arsizio,it,45.610555,8.852062,79229.0
['ClearChannel'],/v2/networks/velo-antwerpen,velo-antwerpen,Velo Antwerpen,Antwerpen,be,51.216667,4.4,
['Comunicare S.r.l.'],/v2/networks/cuneo,cuneo,Cuneo,Cuneo,it,44.384238,7.541428,52500.0
['ClearChannel'],/v2/networks/malmobybike,malmobybike,Malmö by bike,Malmö,se,55.605,13.0038,261549.0
['ClearChannel'],/v2/networks/bicilascondes,bicilascondes,Bici las Condes,Las Condes,cl,-33.401944,-70.55,
"Empresa Municipal de Transportes de Madrid, S.A.",/v2/networks/bicimad,bicimad,BiciMAD,Madrid,es,40.4168,-3.7038,3102644.0
"['Brainbox Technology', 'Smoove SAS']",/v2/networks/easybike-didymoteicho,easybike-didymoteicho,EasyBike,Didymoteicho,gr,41.3502539849,26.4972960949,
['Comunicare S.r.l.'],/v2/networks/free-bike-sharing,free-bike-sharing,FRee Bike sharing,Frosinone,it,41.645081,13.342123,49775.0
"['Brainbox Technology', 'Smoove SAS']",/v2/networks/easybike-glyfada,easybike-glyfada,EasyBike,Glyfada,gr,37.8715809825,23.7355544376,
"['Brainbox Technology', 'Smoove SAS']",/v2/networks/easybike-igoumenitsa,easybike-igoumenitsa,EasyBike,Igoumenitsa,gr,39.5005770633,20.2635206985,
['Comunicare S.r.l.'],/v2/networks/lecce,lecce,lecce,Lecce,it,40.35040350928062,18.177824020385742,79259.0
"['Brainbox Technology', 'Smoove SAS']",/v2/networks/easybike-ioannina,easybike-ioannina,EasyBike,Ioannina,gr,39.6639818,20.8522784,
"['Brainbox Technology', 'Smoove SAS']",/v2/networks/easybike-karditsa,easybike-karditsa,EasyBike,Karditsa,gr,39.3634604,21.9211192,
['Comunicare S.r.l.'],/v2/networks/manerba-in-bici,manerba-in-bici,Manerba in Bici,Manerba del Garda,it,45.561179,10.559406,
"['Brainbox Technology', 'Smoove SAS']",/v2/networks/easybike-kavala,easybike-kavala,EasyBike,Kavala,gr,40.9369068,24.4122164,
"['Brainbox Technology', 'Smoove SAS']",/v2/networks/easybike-kinouria,easybike-kinouria,EasyBike,Kinouria,gr,37.1476704305,22.8933729935,
"['Brainbox Technology', 'Smoove SAS']",/v2/networks/easybike-komotini,easybike-komotini,EasyBike,Komotini,gr,41.117833,25.4041307,
"['Brainbox Technology', 'Smoove SAS']",/v2/networks/easybike-patra,easybike-patra,EasyBike,Patra,gr,38.2410966371,21.7259683418,
['Comunicare S.r.l.'],/v2/networks/mar-e-bici,mar-e-bici,Mar e Bici,Marciana Marina,it,42.805855,10.196514,
"['Brainbox Technology', 'Smoove SAS']",/v2/networks/easybike-rethymno,easybike-rethymno,EasyBike,Rethymno,gr,35.3667571777,24.4832845736,
"['Brainbox Technology', 'Smoove SAS']",/v2/networks/easybike-samos,easybike-samos,EasyBike,Samos,gr,37.754065919,26.9787850189,
['Comunicare S.r.l.'],/v2/networks/novara,novara,Novara,Novara,it,45.44574,8.622165,105903.0
"['Brainbox Technology', 'Smoove SAS']",/v2/networks/easybike-nicosia,easybike-nicosia,EasyBike,Nicosia,cy,35.1739302,33.364726,42342.0
"['Brainbox Technology', 'Smoove SAS']",/v2/networks/easybike-mani,easybike-mani,EasyBike,Mani,gr,41.4097472,26.4024952,
"['Brainbox Technology', 'Smoove SAS']",/v2/networks/easybike-irakleio,easybike-irakleio,EasyBike,Irakleio,gr,35.338735,25.144213,
"['Brainbox Technology', 'Smoove SAS']",/v2/networks/thessbike,thessbike,ThessBike,Thessaloniki,gr,40.6403167,22.9352716,
"['Brainbox Technology', 'Smoove SAS']",/v2/networks/athens-bikes,athens-bikes,AthensBikes,Athens,gr,37.9838,23.7275,729139.0
['Comunicare S.r.l.'],/v2/networks/goodbike,goodbike,GoodBike,Padova,it,45.4064349,11.8767611,205247.0
['PegBike'],/v2/networks/ciclosampa,ciclosampa,CicloSampa,São Paulo,br,-23.55,-46.6333,10021437.0
['Tuimil S.A.'],/v2/networks/bicicorunha,bicicorunha,Bicicoruña,A Coruña,es,43.3623,-8.4115,236010.0
['Tuimil S.A.'],/v2/networks/bici-ferrol-terra,bici-ferrol-terra,BiciFerrolTerra,Ferrol - Narón,es,43.4896,-8.2193,
['Social Bicycles Inc.'],/v2/networks/curtin-bike-share,curtin-bike-share,Curtin Bike Share,"Curtin University, Perth, WA",au,-32.0034172153127,115.89431270956993,
['Social Bicycles Inc.'],/v2/networks/monash-bikeshare,monash-bikeshare,Monash BikeShare,"Melbourne, AU",au,-37.91238410208696,145.1362281292677,
['Comunicare S.r.l.'],/v2/networks/mimuovofe,mimuovofe,Mi Muovo in Bici,Ferrara,it,44.8350382,11.6240562,131252.0
"['Motivate International, Inc.', 'PBSC Urban Solutions', 'BIXI Montréal']",/v2/networks/bixi-montreal,bixi-montreal,Bixi,"Montréal, QC",ca,45.508693,-73.553928,
['Comunicare S.r.l.'],/v2/networks/parma,parma,Mi Muovo in Bici,Parma,it,44.801485,10.3279036,155693.0
"['Motivate International, Inc.', 'PBSC Urban Solutions']",/v2/networks/bixi-toronto,bixi-toronto,Bike Share Toronto,"Toronto, ON",ca,43.653226,-79.3831843,
['Social Bicycles Inc.'],/v2/networks/sobi-hamilton,sobi-hamilton,SoBi,"Hamilton, ON",ca,43.25643601915583,-79.86929655075073,
"['CycleHop, LLC', 'Social Bicycles Inc.']",/v2/networks/velogo,velogo,VeloGO,"Ottawa, ON",ca,45.4285325522342,-75.6970576741095,
"['Clean Energy Coalition', 'BCycle, LLC']",/v2/networks/arborbike,arborbike,ArborBike,"Ann Arbor, MI",us,42.27853,-83.74536,
['Comunicare S.r.l.'],/v2/networks/pavia-in-bici,pavia-in-bici,Pavia in bici,Pavia,it,45.1847248,9.1582069,71520.0
['Comunicare S.r.l.'],/v2/networks/bici-perugia,bici-perugia,Bici Perugia,Perugia,it,43.1107168,12.3908279,157077.0
"['BCycle, LLC']",/v2/networks/austin,austin,Austin B-cycle,"Austin, TX",us,30.26408,-97.74355,
"['Motivate International, Inc', 'PBSC']",/v2/networks/bike-chattanooga,bike-chattanooga,Bike Chattanooga,"Chattanooga, TN",us,35.0456297,-85.3096801,
['Comunicare S.r.l.'],/v2/networks/piacenza,piacenza,Mi Muovo in Bici,Piacenza,it,45.0473754,9.6865813,95453.0
['Comunicare S.r.l.'],/v2/networks/pinerolo,pinerolo,Pinerolo,Pinerolo,it,44.8850256,7.3499953,33807.0
"['Portland Bureau of Transportation (PBOT)', 'Motivate International, Inc', 'Social Bicycles Inc.']",/v2/networks/biketown,biketown,BIKETOWN,"Portland, OR",us,45.52175423291714,-122.68107935786247,
['Comunicare S.r.l.'],/v2/networks/reggio-emilia,reggio-emilia,Mi Muovo in Bici,Reggio Emilia,it,44.6989932,10.6296859,
"['CycleHop, LLC', 'Social Bicycles Inc.']",/v2/networks/britebikes,britebikes,BRiteBikes,"San Ramon, CA",us,37.759444753878,-121.955134881881,
"['ValleyRide', 'Social Bicycles Inc.']",/v2/networks/boise-greenbike,boise-greenbike,Boise GreenBike,"Boise, ID",us,43.6153060610528,-116.201761349309,
"['BCycle, LLC']",/v2/networks/boulder,boulder,Boulder B-cycle,"Boulder, CO",us,40.00811,-105.26385,
"['CycleHop, LLC', 'Social Bicycles Inc.']",/v2/networks/breeze-bike-share,breeze-bike-share,Breeze Bike Share,"Santa Monica, CA",us,34.01780925008178,-118.4965717792511,
['Comunicare S.r.l.'],/v2/networks/rimini,rimini,Mi Muovo in Bici,Rimini,it,44.0570817,12.5646003,132031.0
"['BCycle, LLC']",/v2/networks/broward,broward,Broward B-cycle,"Fort Lauderdale, FL",us,26.12026,-80.14819,
"['BCycle, LLC']",/v2/networks/bublr-bikes,bublr-bikes,Bublr Bikes,"Milwaukee, WI",us,43.0369,-87.89667,
"['Shared Mobility Inc.', 'Social Bicycles Inc.']",/v2/networks/reddy-bike-share,reddy-bike-share,Reddy Bike Share,"Buffalo, NY",us,42.89373841865211,-78.8718044757843,
"['Motivate International, Inc.', 'PBSC Urban Solutions']",/v2/networks/capital-bikeshare,capital-bikeshare,Capital BikeShare,"Washington, DC",us,38.8967584,-77.03701629999999,
"['BCycle, LLC']",/v2/networks/charlotte,charlotte,Charlotte B-cycle,"Charlotte, NC",us,35.22716,-80.83855,
['Comunicare S.r.l.'],/v2/networks/saluzzo,saluzzo,Saluzzo,Saluzzo,it,44.6445404,7.492735499999999,16080.0
"['BCycle, LLC']",/v2/networks/cincy-red-bike,cincy-red-bike,Cincy Red Bike,"Cincinnati, OH",us,39.10138,-84.51217,
['Comunicare S.r.l.'],/v2/networks/savigliano,savigliano,Savigliano,Savigliano,it,44.6470327,7.662463499999999,21161.0
"['NYC Bike Share, LLC', 'Motivate International, Inc.', 'PBSC Urban Solutions']",/v2/networks/citi-bike-nyc,citi-bike-nyc,Citi Bike,"New York, NY",us,40.7143528,-74.00597309999999,
"['CycleHop, LLC', 'Social Bicycles Inc.']",/v2/networks/coast-bike-share,coast-bike-share,Coast Bike Share,"Tampa, FL",us,27.9627193250593,-82.438056400783,
['Comunicare S.r.l.'],/v2/networks/terni,terni,Terni,Terni,it,42.5636168,12.6426604,108006.0
"['Motivate International, Inc.', 'PBSC Urban Solutions']",/v2/networks/cogo,cogo,CoGo,"Columbus, OH",us,39.983333,-82.983333,
"['BCycle, LLC']",/v2/networks/denver,denver,Denver B-cycle,"Denver, CO",us,39.72055,-104.95253,
"['Motivate International, Inc.', 'PBSC Urban Solutions']",/v2/networks/divvy,divvy,Divvy,"Chicago, IL",us,41.8781136,-87.6297982,
['Comunicare S.r.l.'],/v2/networks/tirano-in-bici,tirano-in-bici,Tirano in Bici,Tirano,it,46.216168,10.1696056,9546.0
"['BCycle, LLC']",/v2/networks/elpaso,elpaso,El Paso B-cycle,"El Paso, TX",us,31.76148,-106.48507,
"['BCycle, LLC']",/v2/networks/fortworth,fortworth,Fort Worth Bike Sharing,"Fort Worth, TX",us,32.7516,-97.32888,
['Comunicare S.r.l.'],/v2/networks/udine,udine,Udine,Udine,it,46.0710668,13.2345794,94597.0
"['BCycle, LLC']",/v2/networks/greatrides,greatrides,Great Rides Bike Share,"Fargo, ND",us,46.89248,-96.80095,
"['BCycle, LLC']",/v2/networks/greenbikeslc,greenbikeslc,GREENbike,Salt Lake City,us,40.76745,-111.88736,178026.0
"['CycleHop, LLC', 'Social Bicycles Inc.']",/v2/networks/grid-bike-share,grid-bike-share,Grid Bike Share,"Phoenix, AZ",us,33.4591031356657,-112.074010667085,
"['BCycle, LLC']",/v2/networks/omaha,omaha,Heartland B-cycle,"Omaha, NE",us,41.25832,-96.00853,
"['BCycle, LLC']",/v2/networks/houston,houston,Houston B-cycle,"Houston, TX",us,29.75983,-95.36949,
"['Motivate International, Inc.', 'PBSC Urban Solutions']",/v2/networks/blue-bikes,blue-bikes,Blue Bikes,"Boston, MA",us,42.3584308,-71.0597732,
['Comunicare S.r.l.'],/v2/networks/ustica,ustica,Ustica,Ustica,it,38.7031179,13.1682675,
"['City of Philadelphia', 'Bicycle Transit Systems', 'BCycle, LLC']",/v2/networks/indego,indego,Indego,"Philadelphia, PA",us,39.95378,-75.16374,
"['BCycle, LLC']",/v2/networks/indiana-pacers-bikeshare,indiana-pacers-bikeshare,Indiana Pacers Bikeshare,"Indianapolis, IN",us,39.76593,-86.16216,
"['CycleHop, LLC', 'Social Bicycles Inc.']",/v2/networks/juice-bike-share,juice-bike-share,Juice,"Orlando, FL",us,28.536663311743688,-81.37922197580338,
['Comunicare S.r.l.'],/v2/networks/bici-co,bici-co,BICI&CO,Como,it,45.8080597,9.0851765,78582.0
"['BCycle, LLC']",/v2/networks/kansascity,kansascity,B-cycle,"Kansas City, MO",us,39.0999,-94.5857,
"['BCycle, LLC']",/v2/networks/linkdayton,linkdayton,Link,"Dayton, OH",us,39.75626,-84.21119,
"['BCycle, LLC']",/v2/networks/madison,madison,B-cycle,"Madison, WI",us,43.07571,-89.38527,
"['Los Angeles County Metropolitan Transportation Authority (Metro)', 'Bicycle Transit Systems', 'BCycle, LLC']",/v2/networks/metro-bike-share,metro-bike-share,Metro Bike Share,"Los Angeles, CA",us,34.04855,-118.25905,
"['Mountain Rides', 'Social Bicycles Inc.']",/v2/networks/mountain-rides-bike-share,mountain-rides-bike-share,Mountain Rides Bike Share,"Ketchum / Sun Valley, ID",us,43.5194695168239,-114.317415758737,
['Nice Ride Minnesota'],/v2/networks/nice-ride,nice-ride,Nice Ride,"Minneapolis, MN",us,44.983334,-93.26666999999999,
['Comunicare S.r.l.'],/v2/networks/speziainbici,speziainbici,Speziainbici,La Spezia,it,44.1024504,9.824082599999999,89012.0
"['BCycle, LLC']",/v2/networks/sanantonio,sanantonio,SWell Cycle,"San Antonio, TX",us,29.43701,-98.48236,
['Social Bicycles Inc.'],/v2/networks/share-a-bull-bikes,share-a-bull-bikes,Share-a-Bull Bikes,"University of South Florida, FL",us,28.060548696070995,-82.4076198041439,
['Comunicare S.r.l.'],/v2/networks/venezia,venezia,Venezia,Venezia,it,45.4408474,12.3155151,
['Social Bicycles Inc.'],/v2/networks/sobi-long-beach,sobi-long-beach,SoBi,"Long Beach, NY",us,40.5833058203002,-73.6482682794673,
"['BCycle, LLC']",/v2/networks/spartanburg,spartanburg,Spartanburg BCycle,"Spartanburg, SC",us,34.94867,-81.93345,
"['Topeka Metropolitan Transit Authority', 'Social Bicycles Inc.']",/v2/networks/topeka-metro-bikes,topeka-metro-bikes,Topeka Metro Bikes,"Topeka, KS",us,39.0337646098385,-95.7027213202284,
['Comunicare S.r.l.'],/v2/networks/to-bike,to-bike,[TO]BIKE,Torino,it,45.07098200000001,7.685676,
['Social Bicycles Inc.'],/v2/networks/ubike,ubike,UBike,"University of Virginia, VA",us,38.0357625021372,-78.5072994363201,
"['Motivate International, Inc.']",/v2/networks/ford-gobike,ford-gobike,Bay Wheels,"San Francisco Bay Area, CA",us,37.7141454,-122.25,
"['CycleHop, LLC', 'Social Bicycles Inc']",/v2/networks/relay-atlanta,relay-atlanta,Relay Bike Share,"Atlanta, GA",us,33.7627941119619,-84.38727110624313,
"['Tembici', 'PBSC Urban Solutions']",/v2/networks/bikerecife,bikerecife,BikeRecife,Recife,br,-8.047129,-34.873437,1478118.0
"['Tembici', 'PBSC Urban Solutions']",/v2/networks/bikesampa,bikesampa,BikeSampa,São Paulo,br,-23.55,-46.6333,10021437.0
"['Tembici', 'PBSC Urban Solutions']",/v2/networks/bikerio,bikerio,BikeRio,Rio de Janeiro,br,-22.904315,-43.184776,6023742.0
"['Tembici', 'PBSC Urban Solutions']",/v2/networks/bikesalvador,bikesalvador,BikeSalvador,Salvador,br,-12.973959,-38.508171,2711903.0
"['Tembici', 'PBSC Urban Solutions']",/v2/networks/bikepoa,bikepoa,BikePOA,Porto Alegre,br,-30.033079,-51.23654,1372763.0
"['BKT bici publica S.A. de C.V.', 'PBSC Urban Solutions']",/v2/networks/mibici-guadalajara,mibici-guadalajara,MIBICI,Guadalajara,mx,20.6737883,-103.3704325,1640649.0
"['Your Bike', 'Urban Sharing']",/v2/networks/edinburgh-cycle-hire,edinburgh-cycle-hire,Just Eat Cycles,Edinburgh,uk,55.9411885,-3.2753783,
"['PBSC', 'Alta Bicycle Share, Inc']",/v2/networks/melbourne-bike-share,melbourne-bike-share,Melbourne Bike Share,Melbourne,au,-37.814107,144.96328,3730212.0
['PBSC Urban Solutions'],/v2/networks/libelo,libelo,Libélo,Valence,fr,44.922726,4.905634,63754.0
"['Tembici', 'PBSC Urban Solutions']",/v2/networks/bikesantiago,bikesantiago,BikeSantiago,Santiago,cl,-33.45,-70.67,4837248.0
,/v2/networks/oslo-bysykkel,oslo-bysykkel,Bysykkel,Oslo,no,59.913869,10.752245,808690.0
,/v2/networks/bergen-bysykkel,bergen-bysykkel,Bysykkel,Bergen,no,60.391263,5.322054,214154.0
,/v2/networks/trondheim-bysykkel,trondheim-bysykkel,Bysykkel,Trondheim,no,63.4307238,10.3936781,146930.0
"['Keolis', 'Rennes Metropole']",/v2/networks/le-velo-star,le-velo-star,LE vélo Star,Rennes,fr,48.114167,-1.680833,213334.0
['Keolis Bordeaux Métropole'],/v2/networks/v3-bordeaux,v3-bordeaux,V³,Bordeaux,fr,44.837789,-0.57918,219311.0
['Keolis'],/v2/networks/vlille,vlille,V'lille,Lille,fr,50.62925,3.057256,189746.0
"['Keolis', 'STAP']",/v2/networks/idecycle,idecycle,IDECycle,Pau,fr,43.2951,-0.370797,77475.0
['Labici Bicicletas Públicas SL'],/v2/networks/bicialtea,bicialtea,Bicialtea,Altea,es,38.6029075,-0.0450666,18588.0
['Labici Bicicletas Públicas SL'],/v2/networks/bicidorm,bicidorm,Bicidorm,Benidorm,es,38.5410566,-0.1224937,60603.0
['Labici Bicicletas Públicas SL'],/v2/networks/saforbici,saforbici,SaforBici,Gandía,es,38.968032,-0.1844671,63893.0
['Comunicare S.r.l.'],/v2/networks/ciclopi,ciclopi,Ciclopi,Pisa,it,43.7228386,10.4016888,83803.0
['Labici Bicicletas Públicas SL'],/v2/networks/gbici,gbici,Gbici,Getafe,es,40.3082504,-3.7323934,167550.0
['Labici Bicicletas Públicas SL'],/v2/networks/muybici,muybici,MuyBici,Murcia,es,37.9922399,-1.1306544,410364.0
['Labici Bicicletas Públicas SL'],/v2/networks/ponfemobi,ponfemobi,PonfeMobi,Ponferrada,es,42.5499958,-6.598259000000001,61134.0
['Labici Bicicletas Públicas SL'],/v2/networks/vaibike,vaibike,VaiBike,Vilagarcía de Arousa,es,42.5999265,-8.7885744,
['Comunicare S.r.l.'],/v2/networks/cagliari,cagliari,Cagliari,Cagliari,it,39.220817,9.121399,157343.0
['Buenos Aires Ciudad'],/v2/networks/ecobici-buenos-aires,ecobici-buenos-aires,Ecobici,Buenos Aires,ar,-34.630665,-58.41156,
['EMEL'],/v2/networks/gira,gira,Gira,Lisbon,pt,38.724954,-9.149334,517798.0
['Comunicare S.r.l.'],/v2/networks/gimme-bike,gimme-bike,Gimme Bike,Varese,it,45.8183902,8.823913,84371.0
['JCDecaux'],/v2/networks/cyclic,cyclic,cy'clic,Rouen,fr,49.44323199999999,1.099971,108101.0
['JCDecaux'],/v2/networks/velo,velo,Vélô,Toulouse,fr,43.604652,1.444209,411145.0
['JCDecaux'],/v2/networks/veloh,veloh,Veloh,Luxembourg,lu,49.6301025,6.1520185,
['JCDecaux'],/v2/networks/valenbisi,valenbisi,Valenbisi,Valencia,es,39.4699075,-0.3762881,769897.0
['Comunicare S.r.l.'],/v2/networks/sellero,sellero,Sellero,Sellero,it,46.06304765446406,10.353434085845947,
['JCDecaux'],/v2/networks/goeteborg,goeteborg,Styr & Ställ,Göteborg,se,57.70887,11.97456,515253.0
['JCDecaux'],/v2/networks/lundahoj,lundahoj,Lundahoj,Lund,se,55.7046601,13.1910073,76263.0
['Comunicare S.r.l.'],/v2/networks/ugento,ugento,Ugento,Ugento,it,39.9273518,18.1582962,9893.0
['JCDecaux'],/v2/networks/tusbic,tusbic,Tusbic,Santander,es,43.46230569999999,-3.8099803,185209.0
['JCDecaux'],/v2/networks/velam,velam,Velam,Amiens,fr,49.894067,2.295753,138816.0
['JCDecaux'],/v2/networks/bysykkel-lillestrom,bysykkel-lillestrom,Bysykkel,Lillestrøm,no,59.9559696,11.0503785,
['JCDecaux'],/v2/networks/velocite-mulhouse,velocite-mulhouse,VéloCité,Mulhouse,fr,47.750839,7.335888,111972.0
['Comunicare S.r.l.'],/v2/networks/prata-camportaccio,prata-camportaccio,Prata Camportaccio,Prata Camportaccio,it,46.3042146,9.3964914,
['JCDecaux'],/v2/networks/velov,velov,Vélo'V,Lyon,fr,45.764043,4.835659,463700.0
['JCDecaux'],/v2/networks/bicikelj,bicikelj,Bicikelj,Ljubljana,si,46.05645089999999,14.5080702,255115.0
['Comunicare S.r.l.'],/v2/networks/civitavecchia,civitavecchia,Civitavecchia,Civitavecchia,it,42.0937524,11.7922462,51480.0
['JCDecaux'],/v2/networks/sevici,sevici,Sevici,Sevilla,es,37.3880961,-5.9823299,686647.0
['Comunicare S.r.l.'],/v2/networks/longanoinbici,longanoinbici,LonganoinBici,Barcellona Pozzo di Gotto,it,38.149812517944284,15.212116241455078,
['JCDecaux'],/v2/networks/li-bia-velo,li-bia-velo,Li bia velo,Namur,be,50.465328,4.867665,106284.0
['JCDecaux'],/v2/networks/velostanlib,velostanlib,vélOstan'lib,Nancy,fr,48.692054,6.184417,106857.0
['JCDecaux'],/v2/networks/cristolib,cristolib,Cristolib,Créteil,fr,48.790367,2.455572,84133.0
['JCDecaux'],/v2/networks/villo,villo,villo,Bruxelles,be,50.8503396,4.3517103,
['Comunicare S.r.l.'],/v2/networks/cassano-d-adda,cassano-d-adda,Cassano d'Adda,Cassano d'Adda,it,45.5309616,9.5155813,
['JCDecaux'],/v2/networks/velo2,velo2,Velo2,Cergy,fr,49.03561699999999,2.060325,60288.0
['JCDecaux'],/v2/networks/vilnius-cyclocity,vilnius-cyclocity,Cyclocity,Vilnius,lt,54.6871555,25.2796514,542381.0
['JCDecaux'],/v2/networks/toyama-cyclocity,toyama-cyclocity,cyclocity,富山市,jp,36.6959518,137.2136768,
['JCDecaux'],/v2/networks/velik,velik,Veli'k,Казань,ru,55.7949414,49.1050445,
['Comunicare S.r.l.'],/v2/networks/bianzone-in-bici,bianzone-in-bici,Bianzone in Bici,Bianzone,it,46.188197,10.109354,
['JCDecaux'],/v2/networks/le-velo,le-velo,Le vélo,Marseille,fr,43.296482,5.36978,792823.0
['JCDecaux'],/v2/networks/bicloo,bicloo,Bicloo,Nantes,fr,47.218371,-1.553621,284677.0
['JCDecaux'],/v2/networks/velocite-besancon,velocite-besancon,VéloCité,Besançon,fr,47.237829,6.024053899999999,120139.0
['Comunicare S.r.l.'],/v2/networks/rietinbici,rietinbici,Rietinbici,Rieti,it,42.40262397383167,12.86099910736084,45355.0
['JCDecaux'],/v2/networks/dublinbikes,dublinbikes,dublinbikes,Dublin,ie,53.3498053,-6.2603097,1024027.0
['JCDecaux'],/v2/networks/citycycle,citycycle,CityCycle,Brisbane,au,-27.4710107,153.0234489,1843459.0
,/v2/networks/bicipalma,bicipalma,Bicipalma,Palma,es,39.57119,2.646634,378884.0
['Cyacle Bicycle Rental LLC'],/v2/networks/adcb-bikeshare,adcb-bikeshare,ADCB Bikeshare,Abu Dhabi,ae,24.450278,54.39,603687.0
['Comunicare S.r.l.'],/v2/networks/castellucchio,castellucchio,Castellucchio,Castellucchio,it,45.15047821582959,10.651202201843262,
['Veolia'],/v2/networks/dkvelo,dkvelo,DK'Vélo,Dunkerque,fr,51.0383,2.3775,
['Veolia'],/v2/networks/velobleu,velobleu,Vélo Bleu,Nice,fr,43.695949,7.271413,341621.0
['Comunicare S.r.l.'],/v2/networks/notoinbici,notoinbici,NotoinBici,Noto,it,36.889437754839854,15.074658393859863,24049.0
['Comunicare S.r.l.'],/v2/networks/enna,enna,Enna,Enna,it,37.56342572664775,14.27973747253418,30785.0
['Comunicare S.r.l.'],/v2/networks/pordenone,pordenone,Pordenone,Pordenone,it,45.94790101663391,12.674491020251475,48581.0
['Veolia'],/v2/networks/velocea,velocea,Vélocéa,Vannes,fr,47.6559,-2.7603,56649.0
['Veolia'],/v2/networks/vel-in,vel-in,Vél'in,Calais,fr,50.95,1.85,79010.0
['Comunicare S.r.l.'],/v2/networks/carbonia,carbonia,Carbonia,Carbonia,it,39.167222,8.522222,31508.0
['Municipiul Cluj-Napoca'],/v2/networks/clujbike,clujbike,Cluj Bike,Cluj-Napoca,ro,46.775,23.5975,316749.0
['Comunicare S.r.l.'],/v2/networks/mobike,mobike,MoBike,Genova,it,44.40430089372731,8.92908986230462,
"['Prefeiture de Sorocaba', 'Urbes']",/v2/networks/integrabike,integrabike,Integrabike,Sorocaba,br,-23.5015,-47.4526,558874.0
['Comunicare S.r.l.'],/v2/networks/scegli-in-bici,scegli-in-bici,Scegli in Bici,Cremona,it,45.134914104864116,10.0222648619018,70748.0
"['Associação dos Amigos da Riviera de São Lourenço', 'Sobloco']",/v2/networks/rivibike,rivibike,RiviBike,São Lourenço,br,-22.1124,-45.028,41144.0
['Comunicare S.r.l.'],/v2/networks/e-motion-trento,e-motion-trento,e.motion,Trento,it,46.06643205823519,11.122145390351879,106703.0
"['Duke Energy Brasil', 'Governo de Ipaussu']",/v2/networks/dukebike,dukebike,DukeBike,Ipaússu,br,-23.0553,-49.6237,
['Comunicare S.r.l.'],/v2/networks/e-motion-pergine-valsugana,e-motion-pergine-valsugana,e.motion,Pergine Valsugana,it,46.06050419001399,11.239041694195503,17883.0
"['Barcelona de Serveis Municipals, S.A. (BSM)', 'CESPA', 'PBSC']",/v2/networks/bicing,bicing,Bicing,Barcelona,es,41.3850639,2.1734035,1570378.0
['Baksi Bike Sharing System'],/v2/networks/baksi-antalya,baksi-antalya,Baksi,Antalya,tr,36.862048,30.638866,758603.0
['Baksi Bike Sharing System'],/v2/networks/baksi-bisim,baksi-bisim,Baksi,Izmir,tr,38.4134047464,27.0325753524,2501895.0
['Comunicare S.r.l.'],/v2/networks/e-motion-rovereto,e-motion-rovereto,e.motion,Rovereto,it,45.88710661061543,11.042242751867644,33510.0
['Baksi Bike Sharing System'],/v2/networks/baksi-istanbul,baksi-istanbul,Isbike,Istanbul,tr,40.9696887925,29.0475373717,9797536.0
['Baksi Bike Sharing System'],/v2/networks/baksi-kobis,baksi-kobis,Baksi,Kocaeli,tr,40.7674733342,29.9755885985,
['Gewista Werbegesellschaft m.b.H'],/v2/networks/citybike-wien,citybike-wien,Citybike Wien,Wien,at,48.2081743,16.3738189,
"['Helsinki City Transport', 'Helsinki Regional Transport', 'CityBikeFinland', 'Smoove SAS', 'Moventia', 'Alepa']",/v2/networks/citybikes-helsinki,citybikes-helsinki,City bikes,Helsinki,fi,60.16985569999999,24.938379,558457.0
['Comunicare S.r.l.'],/v2/networks/monopoli-bike,monopoli-bike,Monopoli BIKE,Monopoli,it,40.94519109440738,17.311687995336918,50064.0
"['Turku Region Traffic Föli', 'Nextbike Polska']",/v2/networks/foli,foli,Föli-fillari,Turku,fi,60.4506,22.2666,175944.0
['ITCL'],/v2/networks/bicileon,bicileon,Bicileon,León,es,42.5987263,-5.5670959,127480.0
['Comunicare S.r.l.'],/v2/networks/bicimia,bicimia,BiciMia,Brescia,it,45.5398382,10.2229562,193713.0
['FSM Ground Services Ltd.'],/v2/networks/telofun,telofun,Tel-O-Fun,"Tel Aviv-Yaffo, Giv'atayim, Ramat-Gan",il,32.087053,34.789776,
['Comunicare S.r.l.'],/v2/networks/andria,andria,Andria in Bici,Andria,it,41.224346932834,16.296983922753956,93819.0
['Open Source Bike Share'],/v2/networks/whitebikes,whitebikes,WhiteBikes,Bratislava,sk,48.149424,17.113922,423737.0
"['Dopravný podnik Bratislava', 'Bratislavská integrovaná doprava, a.s.', 'Hlavné mesto SR Bratislava']",/v2/networks/slovnaft-bajk,slovnaft-bajk,Slovnaft BAjk,Bratislava,sk,48.1356952,16.9758332,423737.0
['Open Source Bike Share'],/v2/networks/cykl,cykl,Cykl,Wageningen,nl,51.974,5.6671,35080.0
['Open Source Bike Share'],/v2/networks/bicyklezadobreskutky,bicyklezadobreskutky,Bicykle za dobré skutky,Prešov,sk,48.996275,21.234341,
['Social Bicycles Inc.'],/v2/networks/socialbicycles-wavelo,socialbicycles-wavelo,Wavelo,Kraków,pl,50.06143,19.93658,
['Comunicare S.r.l.'],/v2/networks/bicinquartucciu,bicinquartucciu,BicinQuartucciu,Quartucciu,it,39.25043149806156,9.179296426489255,12145.0
['Mainzer Verkehrsgesellschaft mbH (MVG)'],/v2/networks/mvgmeinrad,mvgmeinrad,MVGmeinrad,Mainz,de,49.992862,8.247253,187940.0
['Sistema de Bicicletas Públicas del Valle de Aburrá'],/v2/networks/encicla,encicla,EnCicla,Medellin,co,6.254942,-75.567982,
['Comunicare S.r.l.'],/v2/networks/olbia-bike,olbia-bike,Olbia Bike,Olbia,it,40.9240543,9.4994397,44903.0
"['Vanncouver Bike Share Inc', 'CycleHop LLC', 'City of Vancouver', 'Smoove SAS']",/v2/networks/mobibikes,mobibikes,Mobi,Vancouver,ca,49.2827,-123.1207,1837970.0
['Comunicare S.r.l.'],/v2/networks/savona,savona,Savona,Savona,it,44.29516444397244,8.463126708984431,58302.0
['Smoove'],/v2/networks/c-velo,c-velo,C.Vélo,Clermont-Ferrand,fr,45.770958,3.073871,137364.0
['Smoove'],/v2/networks/velivert,velivert,VéliVert,Saint-Étienne,fr,45.396667,4.290833,170416.0
['Comunicare S.r.l.'],/v2/networks/brindisi,brindisi,BrindisiByBike,Brindisi,it,40.637580319936106,17.940774547082572,92457.0
['Smoove'],/v2/networks/velopop,velopop,Vélopop,Avignon,fr,43.943689,4.805833,85848.0
['Smoove'],/v2/networks/batumvelo,batumvelo,Batumvelo,Batumi,ge,41.660906,41.678835,
['Comunicare S.r.l.'],/v2/networks/tradate,tradate,Tradate,Tradate,it,45.70938576720161,8.915993391601548,16621.0
"['Mobilicidade Tecnologia LTD', 'Grupo Serttel LTDA']",/v2/networks/bikebh,bikebh,BikeBH,Belo Horizonte,br,-19.920793,-43.922165,2373255.0
"['Mobilicidade Tecnologia LTD', 'Grupo Serttel LTDA']",/v2/networks/bikepetrolina,bikepetrolina,BikePetrolina,Petrolina,br,-9.389049,-40.502751,194653.0
['Comunicare S.r.l.'],/v2/networks/jesinbici,jesinbici,JesinBici,Jesi,it,43.522601,13.244448,39463.0
['Comunicare S.r.l.'],/v2/networks/nbici,nbici,nbici,Pamplona,es,42.8116631,-1.6482653,191549.0
"['Mobilicidade Tecnologia LTD', 'Grupo Serttel LTDA']",/v2/networks/bikebrasilia,bikebrasilia,BikeBrasilia,Brasília,br,-15.795115,-47.887424,2207812.0
"['Mobilicidade Tecnologia LTD', 'Grupo Serttel LTDA']",/v2/networks/debikegoiania,debikegoiania,GynDebike,Goiânia,br,-16.670492,-49.259535,1171209.0
['Comunicare S.r.l.'],/v2/networks/treviso,treviso,Treviso,Treviso,it,45.6669011,12.243039,81323.0
"['Mobilicidade Tecnologia LTD', 'Grupo Serttel LTDA']",/v2/networks/bicicletar,bicicletar,Bicicletar,Fortaleza,br,-3.7321944,-38.510347,2416920.0
"['Mobilicidade Tecnologia LTD', 'Grupo Serttel LTDA']",/v2/networks/cajubike,cajubike,CajuBike,Aracajú,br,-10.987263,-37.051898,
"['Mobilicidade Tecnologia LTD', 'Grupo Serttel LTDA']",/v2/networks/bikebelem,bikebelem,Bike Belém,Belém,br,-1.4600794,-48.490865,1407737.0
"['Mobilicidade Tecnologia LTD', 'Grupo Serttel LTDA']",/v2/networks/bikebelem,bikebelem,Bike Belém,Belém,br,-1.4600794,-48.490865,15550.0
['Comunicare S.r.l.'],/v2/networks/sondrio,sondrio,Sondrio,Sondrio,it,46.1698583,9.8787674,22064.0
"['Mobilicidade Tecnologia LTD', 'Grupo Serttel LTDA']",/v2/networks/bikesantos,bikesantos,BikeSantos,Santos,br,-23.954052,-46.333345,411411.0
['Comunicare S.r.l.'],/v2/networks/vercelli,vercelli,Vercelli,Vercelli,it,45.32022720000001,8.418573499999999,45114.0
['Comunicare S.r.l.'],/v2/networks/portofino-park-and-bike,portofino-park-and-bike,Portofino Park and Bike,Santa Margherita Ligure - Portofino - Camogli,it,44.335084,9.211264,
"['Mobilicidade Tecnologia LTD', 'Municipalidad de Rosario']",/v2/networks/mibicitubici,mibicitubici,Mi bici tu bici,Rosario,ar,-32.95,-60.65,1218497.0
['DecoBike LLC'],/v2/networks/decobike-miami-beach,decobike-miami-beach,Citi Bike Miami,"Miami Beach, FL",us,25.790654,-80.1300455,
['DecoBike LLC'],/v2/networks/decobike-san-diego,decobike-san-diego,Decobike San Diego,"San Diego, CA",us,32.715738,-117.1610838,
['Comunicare S.r.l.'],/v2/networks/meglio-in-bici,meglio-in-bici,Meglio in Bici,Cernusco sul Naviglio - Pioltello - Carugate,it,45.520541,9.341984,
"['Trek Bicycle Corporation', 'Humana', 'Crispin Porter + Bogusky']",/v2/networks/battlecreek,battlecreek,Battle Creek B-cycle,"Battle Creek, MI",us,42.32423,-85.18833,
"['Trek Bicycle Corporation', 'Humana', 'Crispin Porter + Bogusky']",/v2/networks/desmoines,desmoines,Des Moines B-cycle,"Des Moines, IA",us,41.6005448,-93.6091064,
['Comunicare S.r.l.'],/v2/networks/ossola,ossola,Comunità Montana Valli dell'Ossola,Santa Maria Maggiore - Malesco - Villette,it,46.127196,8.499169,
"['Trek Bicycle Corporation', 'Humana', 'Crispin Porter + Bogusky']",/v2/networks/greenville,greenville,Greenville B-cycle,"Greenville, SC",us,34.85261759999999,-82.3940104,
['Comunicare S.r.l.'],/v2/networks/bicincitta-mezzolombardo,bicincitta-mezzolombardo,Bicincittà,Mezzolombardo,it,46.21400260000001,11.0967867,
"['Trek Bicycle Corporation', 'Humana', 'Crispin Porter + Bogusky']",/v2/networks/nashville,nashville,Nashville B-cycle,"Nashville, TN",us,36.1666667,-86.7833333,
['Comunicare S.r.l.'],/v2/networks/bicincitta-lausanne-campus-morges,bicincitta-lausanne-campus-morges,Bicincittà,Lausanne - Morges - Campus,ch,46.5196535,6.6322734,
"['Trek Bicycle Corporation', 'Humana', 'Crispin Porter + Bogusky']",/v2/networks/columbia-county,columbia-county,Columbia County B-cycle,"Evans, GA",us,33.5375,-82.127778,
['Comunicare S.r.l.'],/v2/networks/bicincitta-scafati,bicincitta-scafati,Bicincittà,Scafati,it,40.7620174,14.5363969,48113.0
"['Trek Bicycle Corporation', 'Humana', 'Crispin Porter + Bogusky']",/v2/networks/catbike,catbike,CAT Bike,"Savannah, GA",us,32.016667,-81.116667,
['Comunicare S.r.l.'],/v2/networks/bicincitta-livorno,bicincitta-livorno,Bicincittà,Livorno,it,43.548473,10.3105674,
"['Trek Bicycle Corporation', 'Humana', 'Crispin Porter + Bogusky']",/v2/networks/rapid-city,rapid-city,Rapid City B-cycle,"Rapid City, SD",us,44.076,-103.228,
['Comunicare S.r.l.'],/v2/networks/bicincitta-valais-central,bicincitta-valais-central,Bicincittà,Sion,ch,46.2331221,7.360625999999999,28246.0
['Comunicare S.r.l.'],/v2/networks/bicincitta-forli,bicincitta-forli,Mi Muovo in Bici,Forlì,it,44.2227398,12.0407312,111574.0
['Comunicare S.r.l.'],/v2/networks/bicincitta-rivarolo-canavese,bicincitta-rivarolo-canavese,Bicincittà,Rivarolo Canavese,it,45.306633,7.723242,12497.0
['Comunicare S.r.l.'],/v2/networks/bicincitta-monserrato,bicincitta-monserrato,Bicincittà,Monserrato,it,39.2560191,9.1453579,23415.0
['Comunicare S.r.l.'],/v2/networks/bicincitta-mezzocorona,bicincitta-mezzocorona,Bicincittà,Mezzocorona,it,46.2339047,11.1277461,
['Comunicare S.r.l.'],/v2/networks/bicincitta-san-lazzaro-di-savena,bicincitta-san-lazzaro-di-savena,Mi Muovo in Bici,San Lazzaro di Savena,it,44.4702725,11.409399,29962.0
['Comunicare S.r.l.'],/v2/networks/bicincitta-san-teodoro,bicincitta-san-teodoro,Bicincittà,San Teodoro,it,40.7722837,9.6695458,
['Comunicare S.r.l.'],/v2/networks/bicincitta-parco-molentargius-saline,bicincitta-parco-molentargius-saline,Bicincittà,Parco Naturale Molentargius - Saline,it,39.2052545,9.146761099999999,
['Comunicare S.r.l.'],/v2/networks/parkinbici,parkinbici,Parkinbici,Parco Nazionale del Gargano,it,41.7817081,15.8516421,
['Comunicare S.r.l.'],/v2/networks/bicincitta-gallipoli,bicincitta-gallipoli,Bicincittà,Gallipoli,it,40.0558554,17.9925085,20588.0
['Comunicare S.r.l.'],/v2/networks/bicincitta-castel-guelfo-the-style-outlets,bicincitta-castel-guelfo-the-style-outlets,Bicincittà,Castel Guelfo di Bologna,it,44.4328527,11.6750857,
['Comunicare S.r.l.'],/v2/networks/bicincitta-san-michele-alladige,bicincitta-san-michele-alladige,Bicincittà,San Michele All'adige,it,46.1878653,11.1330423,
['Comunicare S.r.l.'],/v2/networks/bicincitta-agglo-fribourg,bicincitta-agglo-fribourg,Bicincittà,Fribourg,ch,46.8064773,7.161971899999999,33806.0
['Comunicare S.r.l.'],/v2/networks/bicincitta-modena,bicincitta-modena,Mi Muovo in bici,Modena,it,44.647128,10.9252269,180641.0
['Comunicare S.r.l.'],/v2/networks/bicincitta-brancaleone,bicincitta-brancaleone,Bicincittà,Brancaleone,it,37.9679084,16.0757749,
['Comunicare S.r.l.'],/v2/networks/bicincitta-bulle,bicincitta-bulle,Bicincittà,Bulle,ch,46.6154512,7.057726799999999,12460.0
['Comunicare S.r.l.'],/v2/networks/bicincitta-riviera,bicincitta-riviera,Bicincittà,Distretto della Riviera-Pays-d'Enhaut,ch,46.4628333,6.8419192,
['Comunicare S.r.l.'],/v2/networks/bicincitta-scandiano,bicincitta-scandiano,Mi Muovo in Bici,Scandiano,it,44.5982342,10.6909273,23918.0
['Comunicare S.r.l.'],/v2/networks/bicincitta-elmas,bicincitta-elmas,Bicincittà,Elmas,it,39.2634329,9.0515805,
['Comunicare S.r.l.'],/v2/networks/bicincitta-tivat,bicincitta-tivat,Bicincittà,TV,me,42.4349809,18.7066398,
['Comunicare S.r.l.'],/v2/networks/bicincitta-acquaviva-delle-fonti,bicincitta-acquaviva-delle-fonti,Bicincittà,Acquaviva delle fonti,it,40.9303721,16.8414374,
['Comunicare S.r.l.'],/v2/networks/we-love-bike,we-love-bike,We Love bike,Lodi,it,45.3097228,9.503715999999999,41043.0
['Comunicare S.r.l.'],/v2/networks/bicincitta-acquarica-del-capo,bicincitta-acquarica-del-capo,Bicincittà,Acquarica del Capo,it,39.9144573,18.2450324,
['Comunicare S.r.l.'],/v2/networks/bicincitta-vicolungo-the-style-outlets,bicincitta-vicolungo-the-style-outlets,Bicincittà,Vicolungo,it,45.47167229999999,8.4633922,
['Comunicare S.r.l.'],/v2/networks/bicincitta-porto-torres,bicincitta-porto-torres,Bicincittà,Porto Torres,it,40.8333682,8.402292899999999,22302.0
['Comunicare S.r.l.'],/v2/networks/bicincitta-cisterna-di-latina,bicincitta-cisterna-di-latina,Bicincittà,Cisterna di Latina,it,41.5754029,12.8284772,
['Comunicare S.r.l.'],/v2/networks/bicincitta-casaletto-spartano,bicincitta-casaletto-spartano,Bicincittà,Casaletto Spartano,it,40.1532801,15.6211479,
['Comunicare S.r.l.'],/v2/networks/bicincitta-selargius,bicincitta-selargius,Bicincittà,Selargius,it,39.2596768,9.1629372,30232.0
['Comunicare S.r.l.'],/v2/networks/bicincitta-yverdon-les-bains,bicincitta-yverdon-les-bains,Bicincittà,Yverdon-les-Bains,ch,46.7784736,6.641183,
['Comunicare S.r.l.'],/v2/networks/bicincitta-monza,bicincitta-monza,Bicincittà,Monza,it,45.5845001,9.2744485,120857.0
['Comunicare S.r.l.'],/v2/networks/bicincitta-la-cote,bicincitta-la-cote,Bicincittà,Nyon,ch,46.3832683,6.2347852,17071.0
['Comunicare S.r.l.'],/v2/networks/bicincitta-morigerati,bicincitta-morigerati,Bicincittà,Morigerati,it,40.1422031,15.5298525,
['Comunicare S.r.l.'],/v2/networks/bicincitta-san-donato-milanese,bicincitta-san-donato-milanese,Bicincittà,San Donato Milanese,it,45.4092402,9.2684867,33116.0
['Comunicare S.r.l.'],/v2/networks/bicincitta-chablais,bicincitta-chablais,Bicincittà,Monthey - Aigle,ch,46.2521873,6.9469598,
['Comunicare S.r.l.'],/v2/networks/bicincitta-ente-parco-del-circeo,bicincitta-ente-parco-del-circeo,Bicincittà,Parco Nazionale del Circeo,it,41.3151015,13.0330782,
['Comunicare S.r.l.'],/v2/networks/bicincitta-cesena,bicincitta-cesena,Mi Muovo in bici,Cesena,it,44.1396438,12.2464292,92280.0
['Comunicare S.r.l.'],/v2/networks/bicincitta-lugano-paradiso,bicincitta-lugano-paradiso,Bicincittà,Paradiso,ch,45.9907174,8.945261799999999,
['Comunicare S.r.l.'],/v2/networks/lecco,lecco,Bicincittà,Lecco,it,45.8565698,9.397670399999999,47113.0
['Comunicare S.r.l.'],/v2/networks/bicincitta-alghero,bicincitta-alghero,Bicincittà,Alghero,it,40.5579517,8.319294900000001,42034.0
['Comunicare S.r.l.'],/v2/networks/bicincitta-san-giovanni-in-persiceto,bicincitta-san-giovanni-in-persiceto,Mi Muovo in Bici,San Giovanni in Persiceto,it,44.6405433,11.1893053,25344.0
['Comunicare S.r.l.'],/v2/networks/bicincitta-ente-parco-san-rossore,bicincitta-ente-parco-san-rossore,Bicincittà,Parco naturale Migliarino San Rossore Massaciuccoli,it,43.723826,10.339509,
['Comunicare S.r.l.'],/v2/networks/bicincitta-treviglio,bicincitta-treviglio,Bicincittà,Treviglio,it,45.5293372,9.591435899999999,27200.0
['Comunicare S.r.l.'],/v2/networks/bicincitta-lavis,bicincitta-lavis,Bicincittà,Lavis,it,46.1408423,11.1124935,
['Comunicare S.r.l.'],/v2/networks/bicincitta-les-lacs-romont,bicincitta-les-lacs-romont,Bicincittà,Murten,ch,46.92922110000001,7.120184,5377.0
['Comunicare S.r.l.'],/v2/networks/bicincitta-ente-parco-di-montemarcello-magra,bicincitta-ente-parco-di-montemarcello-magra,Bicincittà,Ente Parco Montemarcello Magra,it,44.1143897,9.9635986,
['Comunicare S.r.l.'],/v2/networks/bicischio,bicischio,BiciSchio,Schio,it,45.7170517,11.3597702,39001.0
['Comunicare S.r.l.'],/v2/networks/bicincitta-imola,bicincitta-imola,Mi Muovo in bici,Imola,it,44.3559128,11.7161197,66903.0
['Nextbike GmbH'],/v2/networks/nextbike-leipzig,nextbike-leipzig,Nextbike,Leipzig,de,51.3415,12.3625,492637.0
['Nextbike GmbH'],/v2/networks/sz-bike-dresden,sz-bike-dresden,sz-bike,Dresden,de,51.0535,13.7387,480801.0
['Nextbike GmbH'],/v2/networks/norisbike-nurnberg,norisbike-nurnberg,NorisBike,Nürnberg,de,49.4479,11.0814,
['Nextbike GmbH'],/v2/networks/nextbike-wiesbaden,nextbike-wiesbaden,Nextbike,Wiesbaden,de,50.0709,8.24322,272337.0
['Nextbike GmbH'],/v2/networks/visa-frankfurt,visa-frankfurt,VISA,Frankfurt,de,50.1072,8.66375,648034.0
['Nextbike GmbH'],/v2/networks/visa-frankfurt,visa-frankfurt,VISA,Frankfurt,de,50.1072,8.66375,64399.0
['Nextbike GmbH'],/v2/networks/kvb-rad-koln,kvb-rad-koln,KVB Rad,Köln,de,50.9429,6.95649,
['Nextbike GmbH'],/v2/networks/facherrad-karlsruhe,facherrad-karlsruhe,Fächerrad,Karlsruhe,de,49.0102,8.41827,284786.0
['Nextbike GmbH'],/v2/networks/burgenland-neusiedler-see,burgenland-neusiedler-see,Burgenland,Neusiedler See,at,47.839,16.761,
['Nextbike GmbH'],/v2/networks/nextbike-offenbach-am-main,nextbike-offenbach-am-main,Nextbike,Offenbach am Main,de,50.1093,8.73825,
['Nextbike GmbH'],/v2/networks/nextbike-auckland,nextbike-auckland,Nextbike,Auckland,nz,-36.8603,174.763,417910.0
['Nextbike GmbH'],/v2/networks/nextbike-magdeburg,nextbike-magdeburg,Nextbike,Magdeburg,de,52.1268,11.6342,224428.0
['Nextbike GmbH'],/v2/networks/nextbike-hamburg,nextbike-hamburg,Nextbike,Hamburg,de,53.5506,9.99052,1733846.0
['Nextbike GmbH'],/v2/networks/nextbike-dusseldorf,nextbike-dusseldorf,Nextbike,Düsseldorf,de,51.2243,6.77204,577139.0
['Nextbike GmbH'],/v2/networks/nextbike-stpolten,nextbike-stpolten,Nextbike,St.Pölten,at,48.2058,15.6232,
['Nextbike GmbH'],/v2/networks/nextbike-modling,nextbike-modling,Nextbike,Mödling,at,48.1047,16.3202,
['Nextbike GmbH'],/v2/networks/nextbike-sursee,nextbike-sursee,Nextbike,Sursee,ch,47.1713,8.10877,7962.0
['Nextbike GmbH'],/v2/networks/nextbike-tubingen,nextbike-tubingen,Nextbike,Tübingen,de,48.5203,9.05591,83815.0
['Nextbike GmbH'],/v2/networks/nextbike-luzern,nextbike-luzern,Nextbike,Luzern,ch,47.0472,8.30446,57269.0
['Nextbike GmbH'],/v2/networks/sixt-riga,sixt-riga,SiXT,Rīga,lv,56.9453,24.1033,
['Nextbike GmbH'],/v2/networks/metropolradruhr-dortmund,metropolradruhr-dortmund,metropolradruhr,Dortmund,de,51.5141,7.46255,594255.0
['Nextbike GmbH'],/v2/networks/metropolradruhr-bochum,metropolradruhr-bochum,metropolradruhr,Bochum,de,51.4813,7.2133,387061.0
['Nextbike GmbH'],/v2/networks/metropolradruhr-bottrop,metropolradruhr-bottrop,metropolradruhr,Bottrop,de,51.5263,6.94611,120829.0
['Nextbike GmbH'],/v2/networks/metropolradruhr-duisburg,metropolradruhr-duisburg,metropolradruhr,Duisburg,de,51.4487,6.77513,505271.0
['Nextbike GmbH'],/v2/networks/metropolradruhr-essen,metropolradruhr-essen,metropolradruhr,Essen,de,51.4425,7.02301,576914.0
['Nextbike GmbH'],/v2/networks/metropolradruhr-gelsenkirchen,metropolradruhr-gelsenkirchen,metropolradruhr,Gelsenkirchen,de,51.5404,7.07039,271647.0
['Nextbike GmbH'],/v2/networks/metropolradruhr-hamm,metropolradruhr-hamm,metropolradruhr,Hamm,de,51.6775,7.84836,186289.0
['Nextbike GmbH'],/v2/networks/metropolradruhr-herne,metropolradruhr-herne,metropolradruhr,Herne,de,51.5363,7.21493,173121.0
['Nextbike GmbH'],/v2/networks/metropolradruhr-mulheim-adr,metropolradruhr-mulheim-adr,metropolradruhr,Mülheim a.d.R.,de,51.4308,6.87401,
['Nextbike GmbH'],/v2/networks/metropolradruhr-oberhausen,metropolradruhr-oberhausen,metropolradruhr,Oberhausen,de,51.4936,6.85169,220916.0
['Nextbike GmbH'],/v2/networks/nextbike-munchen,nextbike-munchen,Nextbike,München,de,48.1358,11.5356,
['Nextbike GmbH'],/v2/networks/sixt-jurmala,sixt-jurmala,SiXT,Jūrmala,lv,56.9732,23.8225,
['Nextbike GmbH'],/v2/networks/nextbike-wachau,nextbike-wachau,Nextbike,Wachau,at,48.3188,15.4166,
['Nextbike GmbH'],/v2/networks/nextbike-tulln,nextbike-tulln,Nextbike,Tulln,at,48.3269,16.0569,14201.0
['Nextbike GmbH'],/v2/networks/nextbike-triestingtal,nextbike-triestingtal,Nextbike,Triestingtal,at,47.9421,16.1149,
['Nextbike GmbH'],/v2/networks/nextbike-thermenregion,nextbike-thermenregion,Nextbike,Thermenregion,at,47.9892,16.2646,
['Nextbike GmbH'],/v2/networks/nextbike-flensburg,nextbike-flensburg,Nextbike,Flensburg,de,54.7804,9.43571,85158.0
['Nextbike GmbH'],/v2/networks/wrm-wroclaw,wrm-wroclaw,WRM,Wrocław,pl,51.1097,17.0485,
['Nextbike GmbH'],/v2/networks/nextbike-romerland,nextbike-romerland,Nextbike,Römerland,at,48.0909,16.853,
['Nextbike GmbH'],/v2/networks/nextbike-offenburg,nextbike-offenburg,Nextbike,Offenburg,de,48.4721,7.94243,59109.0
['Nextbike GmbH'],/v2/networks/nextbike-wrneustadt,nextbike-wrneustadt,Nextbike,Wr.Neustadt,at,47.8167,16.2426,
['Nextbike GmbH'],/v2/networks/nextbike-potsdam,nextbike-potsdam,Nextbike,Potsdam,de,52.3997,13.0676,145291.0
['Nextbike GmbH'],/v2/networks/nextbike-gutersloh,nextbike-gutersloh,Nextbike,Gütersloh,de,51.9049,8.39275,96332.0
['Nextbike GmbH'],/v2/networks/nextbike-unteres-traisental,nextbike-unteres-traisental,Nextbike,Unteres Traisental,at,48.1111,15.8176,
['Nextbike GmbH'],/v2/networks/nextbike-haag,nextbike-haag,Nextbike,Haag,at,48.0643,14.7368,5164.0
['Nextbike GmbH'],/v2/networks/nextbike-marchfeld,nextbike-marchfeld,Nextbike,Marchfeld,at,48.2407,16.9093,
['Nextbike GmbH'],/v2/networks/nextbike-10vorwien,nextbike-10vorwien,Nextbike,10vorWien,at,48.3403,16.279,
['Nextbike GmbH'],/v2/networks/usedomrad-usedom,usedomrad-usedom,UsedomRad,Usedom,de,53.9779,13.9925,
['Nextbike GmbH'],/v2/networks/nextbike-norderstedt,nextbike-norderstedt,Nextbike,Norderstedt,de,53.6969,10.002,72011.0
['Nextbike GmbH'],/v2/networks/swa-rad-augsburg,swa-rad-augsburg,SWA Rad,Augsburg,de,48.3647,10.8916,261842.0
['Nextbike GmbH'],/v2/networks/nextbike-traisen-golsental,nextbike-traisen-golsental,Nextbike,Traisen-Gölsental,at,47.9439,15.639,
['Nextbike GmbH'],/v2/networks/nextbike-lunz-am-see,nextbike-lunz-am-see,Nextbike,Lunz am See,at,47.8618,15.0348,
['Nextbike GmbH'],/v2/networks/nextbike-konya,nextbike-konya,Nextbike,Konya,tr,37.8715,32.4957,876004.0
['Nextbike GmbH'],/v2/networks/nextbike-laa-an-der-thaya,nextbike-laa-an-der-thaya,Nextbike,Laa an der Thaya,at,48.7196,16.3878,
['Nextbike GmbH'],/v2/networks/nextbike-sudheide,nextbike-sudheide,Nextbike,Südheide,at,48.1077,16.3937,
['Nextbike GmbH'],/v2/networks/nextbike-limassol,nextbike-limassol,Nextbike,Limassol,cy,34.6823,33.0464,
['Nextbike GmbH'],/v2/networks/prm-poznan,prm-poznan,PRM,Poznań,pl,52.4077,16.9323,
['Nextbike GmbH'],/v2/networks/nextbike-christchurch,nextbike-christchurch,Nextbike,Christchurch,nz,-43.5341,172.621,363925.0
['Nextbike GmbH'],/v2/networks/vrn-heidelberg,vrn-heidelberg,VRN,Heidelberg,de,49.4023,8.67577,144703.0
['Nextbike GmbH'],/v2/networks/vrn-mannheim,vrn-mannheim,VRN,Mannheim,de,49.4869,8.45638,309626.0
['Nextbike GmbH'],/v2/networks/nextbike-tullnerfeld-west,nextbike-tullnerfeld-west,Nextbike,Tullnerfeld West,at,48.2994,15.9065,
['Nextbike GmbH'],/v2/networks/stadtrad-innsbruck,stadtrad-innsbruck,Stadtrad,Innsbruck,at,47.2632,11.3961,112467.0
['Nextbike GmbH'],/v2/networks/nextbike-nicosia,nextbike-nicosia,Nextbike,Nicosia,cy,35.1728,33.3653,42342.0
['Nextbike GmbH'],/v2/networks/opole-bike-opole,opole-bike-opole,Opole Bike,Opole,pl,50.6633,17.9239,127676.0
['Nextbike GmbH'],/v2/networks/veturilo-warszawa,veturilo-warszawa,VETURILO,Warszawa,pl,52.2265,21.0127,
['Nextbike GmbH'],/v2/networks/nextbike-hollabrunn,nextbike-hollabrunn,Nextbike,Hollabrunn,at,48.562,16.0785,10966.0
['Nextbike GmbH'],/v2/networks/nextbike-wienerwald,nextbike-wienerwald,Nextbike,WienerWald,at,48.1926,16.141,
['Nextbike GmbH'],/v2/networks/nextbike-dobrich,nextbike-dobrich,Nextbike,Dobrich,bg,43.567,27.8285,
['Nextbike GmbH'],/v2/networks/bykystations-uae-dubai,bykystations-uae-dubai,BYKYstations UAE,Dubai,ae,25.2435,55.2722,1137376.0
['Nextbike GmbH'],/v2/networks/nextbike-zagreb,nextbike-zagreb,Nextbike,Zagreb,hr,45.7984,15.9789,698967.0
['Nextbike GmbH'],/v2/networks/ebikestation-bietigheim-bissingen,ebikestation-bietigheim-bissingen,ebikestation,Bietigheim-Bissingen,de,48.9495,9.12518,41979.0
['Nextbike GmbH'],/v2/networks/nextbike-bath,nextbike-bath,Nextbike,Bath,gb,51.3793,-2.35279,93238.0
['Nextbike GmbH'],/v2/networks/nextbike-glasgow,nextbike-glasgow,Nextbike,Glasgow,gb,55.8589,-4.25549,610271.0
['Nextbike GmbH'],/v2/networks/belfastbikes-belfast,belfastbikes-belfast,BelfastBikes,Belfast,gb,54.5969,-5.92918,585994.0
['Nextbike GmbH'],/v2/networks/nextbike-stirling,nextbike-stirling,Nextbike,Stirling,gb,56.1165,-3.9369,33013.0
['Nextbike GmbH'],/v2/networks/biker-bialystok-bialystok,biker-bialystok-bialystok,BIKER Białystok,Białystok,pl,53.2655,23.3343,
['Nextbike GmbH'],/v2/networks/krm-konstancinski-konstancin-jeziorna,krm-konstancinski-konstancin-jeziorna,KRM Konstanciński,Konstancin Jeziorna,pl,52.0759,21.1161,
['Nextbike GmbH'],/v2/networks/grad-sibenik-sibenik,grad-sibenik-sibenik,Grad Šibenik,Šibenik,hr,43.733,15.8982,
['Nextbike GmbH'],/v2/networks/karbis-seferihisar,karbis-seferihisar,KARBIS,Seferihisar,tr,38.1962,26.8386,
['Nextbike GmbH'],/v2/networks/lrm-lublin-lublin,lrm-lublin-lublin,LRM Lublin,Lublin,pl,51.2469,22.5697,360044.0
['Nextbike GmbH'],/v2/networks/ebikestation-schwieberdingen,ebikestation-schwieberdingen,ebikestation,Schwieberdingen,de,48.8723,9.07419,10308.0
['Nextbike GmbH'],/v2/networks/healthy-ride-pittsburgh-pittsburgh,healthy-ride-pittsburgh-pittsburgh,Healthy Ride,Pittsburgh,us,40.4459,-79.9945,319494.0
['Nextbike GmbH'],/v2/networks/grm-grodzisk-grodzisk-mazowiecki,grm-grodzisk-grodzisk-mazowiecki,GRM Grodzisk,Grodzisk Mazowiecki,pl,52.113,20.6265,26684.0
['Nextbike GmbH'],/v2/networks/nextbike-quickborn,nextbike-quickborn,Nextbike,Quickborn,de,53.7333,9.90272,20281.0
['Nextbike GmbH'],/v2/networks/jerseybike-hoboken,jerseybike-hoboken,JerseyBike,Hoboken,us,40.7447,-74.0341,39738.0
['Nextbike GmbH'],/v2/networks/jerseybike-weehawken,jerseybike-weehawken,JerseyBike,Weehawken,us,40.7683,-74.0216,14104.0
['Nextbike GmbH'],/v2/networks/ibike-king-abdullah-economic-city,ibike-king-abdullah-economic-city,iBike,King Abdullah Economic City,sa,22.4053,39.0815,
['Nextbike GmbH'],/v2/networks/vrn-ludwigshafen,vrn-ludwigshafen,VRN,Ludwigshafen,de,49.4741,8.43287,162514.0
['Nextbike GmbH'],/v2/networks/nextbike-university-of-warwick,nextbike-university-of-warwick,Nextbike,Warwick,gb,52.3815,-1.56159,24040.0
['Nextbike GmbH'],/v2/networks/ebikestation-waiblingen,ebikestation-waiblingen,ebikestation,Waiblingen,de,48.8333,9.31667,53515.0
['Nextbike GmbH'],/v2/networks/vrn-speyer,vrn-speyer,VRN,Speyer,de,49.3126,8.45295,
['Nextbike GmbH'],/v2/networks/nextbike-lviv,nextbike-lviv,Nextbike,Lviv,ua,49.8402,24.0182,
['Nextbike GmbH'],/v2/networks/nextbike-wurzburg,nextbike-wurzburg,Nextbike,Würzburg,de,49.8,9.93333,134499.0
['Nextbike GmbH'],/v2/networks/skybike-west-palm-beach-west-palm-beach-florida,skybike-west-palm-beach-west-palm-beach-florida,Skybike,West Palm Beach Florida,us,26.7125,-80.0821,
['Nextbike GmbH'],/v2/networks/nextbike-serfaus,nextbike-serfaus,Nextbike,Serfaus,at,47.0387,10.6048,
['Nextbike GmbH'],/v2/networks/ebikestation-vaihingen-an-der-enz,ebikestation-vaihingen-an-der-enz,ebikestation,Vaihingen an der Enz,de,48.9334,8.96121,
['Nextbike GmbH'],/v2/networks/ebikestation-herrenberg,ebikestation-herrenberg,ebikestation,Herrenberg,de,48.595,8.86716,31401.0
['Nextbike GmbH'],/v2/networks/ebikestation-goppingen,ebikestation-goppingen,ebikestation,Göppingen,de,48.7054,9.65125,58021.0
['Nextbike GmbH'],/v2/networks/ebikestation-ludwigsburg,ebikestation-ludwigsburg,ebikestation,Ludwigsburg,de,48.8941,9.19546,87855.0
['Nextbike GmbH'],/v2/networks/grad-gospic-gospic,grad-gospic-gospic,Grad Gospić,Gospić,hr,44.5469,15.375,
['Nextbike GmbH'],/v2/networks/ebikestation-holzgerlingen,ebikestation-holzgerlingen,ebikestation,Holzgerlingen,de,48.6388,9.0096,11567.0
['Nextbike GmbH'],/v2/networks/ebikestation-filderstadt,ebikestation-filderstadt,ebikestation,Filderstadt,de,48.6588,9.22585,43580.0
['Nextbike GmbH'],/v2/networks/ebikestation-kirchheim-am-neckar,ebikestation-kirchheim-am-neckar,ebikestation,Kirchheim am Neckar,de,49.04,9.14441,
['Nextbike GmbH'],/v2/networks/ebikestation-schorndorf,ebikestation-schorndorf,ebikestation,Schorndorf,de,48.8015,9.52962,39919.0
['Nextbike GmbH'],/v2/networks/ebikestation-fellbach,ebikestation-fellbach,ebikestation,Fellbach,de,48.8166,9.27967,44142.0
['Nextbike GmbH'],/v2/networks/ebikestation-remseck-am-neckar,ebikestation-remseck-am-neckar,ebikestation,Remseck am Neckar,de,48.8767,9.26179,
['Nextbike GmbH'],/v2/networks/nextbike-malta,nextbike-malta,Nextbike,Malta,mt,35.9192,14.4889,
['Nextbike GmbH'],/v2/networks/grad-karlovac-karlovac,grad-karlovac-karlovac,Grad Karlovac,Karlovac,hr,45.4905,15.5503,48123.0
['Nextbike GmbH'],/v2/networks/flashfleet-kent-state-university-kent-state-university,flashfleet-kent-state-university-kent-state-university,Flashfleet Kent State University,Kent State,us,41.1492,-81.3363,
['Nextbike GmbH'],/v2/networks/grad-slavonski-brod-slavonski-brod,grad-slavonski-brod-slavonski-brod,Grad Slavonski Brod,Slavonski Brod,hr,45.1656,18.0183,60742.0
['Nextbike GmbH'],/v2/networks/nextbike-london,nextbike-london,Nextbike,London,gb,51.4862,-0.11966,7421228.0
['Nextbike GmbH'],/v2/networks/santander-cycles-mk-milton-keynes,santander-cycles-mk-milton-keynes,Santander Cycles MK,Milton Keynes,gb,52.0406,-0.759417,31967.0
['Nextbike GmbH'],/v2/networks/bykystations-uae-al-ain,bykystations-uae-al-ain,BYKYstations UAE,Al Ain,ae,24.2989,54.6979,
['Nextbike GmbH'],/v2/networks/nextbike-hergiswil,nextbike-hergiswil,Nextbike,Hergiswil,ch,46.9905,8.30829,5477.0
['Nextbike GmbH'],/v2/networks/grad-makarska-makarska,grad-makarska-makarska,Grad Makarska,Makarska,hr,43.2992,17.0184,13446.0
['Nextbike GmbH'],/v2/networks/opcina-brinje-brinje,opcina-brinje-brinje,Općina Brinje,Brinje,hr,44.9977,15.1258,
['Nextbike GmbH'],/v2/networks/grad-zadar-zadar,grad-zadar-zadar,Grad Zadar,Zadar,hr,44.0058,15.2183,71258.0
['Nextbike GmbH'],/v2/networks/grad-vukovar-vukovar,grad-vukovar-vukovar,Nextbike,Vukovar,hr,45.3575,18.9895,29584.0
['Nextbike GmbH'],/v2/networks/opcina-lastovo-lastovo,opcina-lastovo-lastovo,Općina Lastovo,Lastovo,hr,42.7626,16.8719,
['Nextbike GmbH'],/v2/networks/lodzki-rower-publiczny-lodz,lodzki-rower-publiczny-lodz,Łódzki Rower Publiczny,Lódź,pl,51.7689,19.4554,
['Nextbike GmbH'],/v2/networks/lrm-lublin-swidnik,lrm-lublin-swidnik,LRM Lublin,Świdnik,pl,51.2194,22.6988,
['Nextbike GmbH'],/v2/networks/vrn-bensheim,vrn-bensheim,VRN,Bensheim,de,49.6803,8.6189,39450.0
['Nextbike GmbH'],/v2/networks/grad-ivanic-grad-ivanic-grad,grad-ivanic-grad-ivanic-grad,Grad Ivanić-Grad,Ivanic Grad,hr,45.7062,16.3919,
['Nextbike GmbH'],/v2/networks/stalowa-wola-miasto-rowerow-stalowa-wola,stalowa-wola-miasto-rowerow-stalowa-wola,Stalowa Wola miasto rowerów,Stalowa Wola,pl,50.57,22.0626,66495.0
['Nextbike GmbH'],/v2/networks/katowice-bike-katowice,katowice-bike-katowice,Katowice Bike,Katowice,pl,50.2594,19.0215,317316.0
['Nextbike GmbH'],/v2/networks/bike-s-srm-szczecin,bike-s-srm-szczecin,Bike_S SRM,Szczecin,pl,53.4301,14.5498,413658.0
['Nextbike GmbH'],/v2/networks/ordu-bisikletli-ordu,ordu-bisikletli-ordu,Ordu Bisikletli,Ordu,tr,40.9702,37.8707,116846.0
['Nextbike GmbH'],/v2/networks/nextbike-sarajevo,nextbike-sarajevo,Nextbike,Sarajevo,ba,43.85,18.39,696726.0
['Nextbike GmbH'],/v2/networks/co-bikes-exeter,co-bikes-exeter,Co-bikes,Exeter,gb,50.7272,-3.53605,113119.0
['Nextbike GmbH'],/v2/networks/rower-gminny-michalowice-michalowice,rower-gminny-michalowice-michalowice,Rower Gminny Michałowice,Michałowice,pl,52.1679,20.8877,
['Nextbike GmbH'],/v2/networks/nextbike-auckland-waterfront,nextbike-auckland-waterfront,Nextbike,Auckland Waterfront,nz,-36.841,174.763,
['Nextbike GmbH'],/v2/networks/nextbike-berlin,nextbike-berlin,Nextbike,Berlin,de,52.5087,13.3563,3398362.0
['Nextbike GmbH'],/v2/networks/system-legnicki-rower-miejski-slrm-legnica,system-legnicki-rower-miejski-slrm-legnica,System Legnicki Rower Miejski (SLRM),Legnica,pl,51.2059,16.1667,106033.0
['Nextbike GmbH'],/v2/networks/nextbike-aruba,nextbike-aruba,Nextbike,Aruba,aw,12.5137,-69.9757,
['Nextbike GmbH'],/v2/networks/nextbike-hyderabad,nextbike-hyderabad,Nextbike,Hyderabad,in,17.38,78.4725,3598199.0
['Nextbike GmbH'],/v2/networks/sixt-jalgrattarent-tallinn,sixt-jalgrattarent-tallinn,SIXT jalgrattarent,Tallinn,ee,59.4325,24.7295,394023.0
['Nextbike GmbH'],/v2/networks/veturilo-stacje-sponsorskie-nextbike-veturilo,veturilo-stacje-sponsorskie-nextbike-veturilo,Stacje Sponsorskie Nextbike Veturilo,Warszawa,pl,52.2265,21.0127,
['Nextbike GmbH'],/v2/networks/bike4all-byblos,bike4all-byblos,bike4all,Byblos,lb,34.1236,35.6511,
['Nextbike GmbH'],/v2/networks/chartered-bike-bhopal-bhopal,chartered-bike-bhopal-bhopal,Chartered Bike,Bhopal,in,23.2467,77.411,1600080.0
['Nextbike GmbH'],/v2/networks/nextbike-rotterdam,nextbike-rotterdam,Nextbike,Rotterdam,in,51.9224,4.47265,
['Nextbike GmbH'],/v2/networks/wk-bike-bremen-bremen,wk-bike-bremen-bremen,WK-Bike,Bremen,de,53.0781,8.80132,546429.0
['Nextbike GmbH'],/v2/networks/vrn-worms,vrn-worms,VRN,Worms,de,49.6394,8.34618,82104.0
['Nextbike GmbH'],/v2/networks/nextbike-stans,nextbike-stans,Nextbike,Stans,ch,46.9593,8.36836,7620.0
['Nextbike GmbH'],/v2/networks/nextbike-victoria,nextbike-victoria,Nextbike,Victoria,ca,48.4298,-123.361,289625.0
['Nextbike GmbH'],/v2/networks/nextbike-maastricht,nextbike-maastricht,Nextbike,Maastricht,nl,50.8514,5.69129,122383.0
['Nextbike GmbH'],/v2/networks/nextbike-stansstad,nextbike-stansstad,Nextbike,Stansstad,ch,46.9801,8.34098,
['Nextbike GmbH'],/v2/networks/byky-bikes-kuwait,byky-bikes-kuwait,BYKY Bikes,Kuwait,kw,29.3632,47.487,
['Nextbike GmbH'],/v2/networks/nextbike-horw,nextbike-horw,Nextbike,Horw,ch,47.0188,8.30828,12110.0
['Nextbike GmbH'],/v2/networks/vrn-burstadt,vrn-burstadt,VRN,Bürstadt,de,49.6461,8.44917,15365.0
['Nextbike GmbH'],/v2/networks/gliwicki-rower-miejski-sgrm-gliwice,gliwicki-rower-miejski-sgrm-gliwice,Gliwicki Rower Miejski (SGRM),Gliwice,pl,50.2918,18.669,198835.0
['Nextbike GmbH'],/v2/networks/prm-stacje-sponsorskie-nextbike-prm,prm-stacje-sponsorskie-nextbike-prm,Stacje Sponsorskie Nextbike PRM,Poznań,pl,52.4077,16.9323,
['Nextbike GmbH'],/v2/networks/nextbike-gross-enzersdorf,nextbike-gross-enzersdorf,Nextbike,Groß Enzersdorf,at,48.1986,16.5496,
['Nextbike GmbH'],/v2/networks/nextbike-klagenfurt,nextbike-klagenfurt,Nextbike,Klagenfurt,at,46.6335,14.3085,90610.0
['Nextbike GmbH'],/v2/networks/vrn-kaiserslautern,vrn-kaiserslautern,VRN,Kaiserslautern,de,49.4413,7.75566,98947.0
['Nextbike GmbH'],/v2/networks/radomski-rower-miejski-radom,radomski-rower-miejski-radom,Radomski Rower Miejski,Radom,pl,51.3994,21.1655,226794.0
['Nextbike GmbH'],/v2/networks/radomski-rower-miejski-stacje-sponsorskie-radom,radomski-rower-miejski-stacje-sponsorskie-radom,Stacje Sponsorskie Radom,Radom,pl,51.3994,21.1655,226794.0
['Nextbike GmbH'],/v2/networks/smartbike-vijayawada-vijayawada,smartbike-vijayawada-vijayawada,Smartbike Vijayawada,Vijayawada,in,16.5109,80.6313,874684.0
['Nextbike GmbH'],/v2/networks/sitycleta-las-palmas-las-palmas-de-gran-canaria,sitycleta-las-palmas-las-palmas-de-gran-canaria,Sitycleta,Las Palmas de Gran Canaria,es,28.1236,-15.4366,
['Nextbike GmbH'],/v2/networks/system-rowerow-miejskich-w-pszczynie-pszczyna,system-rowerow-miejskich-w-pszczynie-pszczyna,System Rowerów Miejskich w Pszczynie,Pszczyna,pl,49.9757,18.9463,25288.0
['Nextbike GmbH'],/v2/networks/zgierski-rower-miejski-zgierz,zgierski-rower-miejski-zgierz,Zgierski Rower Miejski,Zgierz,pl,51.8602,19.4118,58036.0
['Nextbike GmbH'],/v2/networks/tyski-rower-miejski-tychy,tyski-rower-miejski-tychy,Tyski Rower Miejski,Tychy,pl,50.1304,18.9436,131696.0
['Nextbike GmbH'],/v2/networks/nextbike-amstetten,nextbike-amstetten,Nextbike,Amstetten,at,48.1218,14.8774,22832.0
['Nextbike GmbH'],/v2/networks/grad-velika-gorica-velika-gorica,grad-velika-gorica-velika-gorica,Grad Velika Gorica,Velika Gorica,hr,45.7161,16.0683,35073.0
['Nextbike GmbH'],/v2/networks/grad-sisak-sisak,grad-sisak-sisak,Grad Sisak,Sisak,hr,45.4875,16.3753,35749.0
['Nextbike GmbH'],/v2/networks/nextbike-salzburg,nextbike-salzburg,Nextbike,Salzburg ,at,47.8014,13.0458,
['Nextbike GmbH'],/v2/networks/ok-bike-kedzierzyn-kozle,ok-bike-kedzierzyn-kozle,OK Bike,Kędzierzyn-Koźle,pl,50.3421,18.2049,
['Nextbike GmbH'],/v2/networks/kolobrzeski-rower-miejski-kolobrzeg,kolobrzeski-rower-miejski-kolobrzeg,Kołobrzeski Rower Miejski,Kołobrzeg,pl,54.1762,15.5761,
['Nextbike GmbH'],/v2/networks/siedlecki-rower-miejski-siedlce,siedlecki-rower-miejski-siedlce,Siedlecki Rower Miejski,Siedlce,pl,52.1668,22.2891,76772.0
['Nextbike GmbH'],/v2/networks/grad-metkovic-metkovic,grad-metkovic-metkovic,Grad Metković,Metković,hr,43.0654,17.642,
['Nextbike GmbH'],/v2/networks/jastrebarsko-jastrebarsko,jastrebarsko-jastrebarsko,Nextbike,Jastrebarsko,hr,45.6692,15.6541,
['Nextbike GmbH'],/v2/networks/grad-drnis-drnis,grad-drnis-drnis,Nextbike,Drniš,hr,43.8425,16.1197,
['Nextbike GmbH'],/v2/networks/nextbike-tuzla,nextbike-tuzla,Nextbike,Tuzla,ba,44.5392,18.675,142484.0
['Nextbike GmbH'],/v2/networks/nextbike-panama,nextbike-panama,Nextbike,Panama,in,8.95284,-79.5369,
['Nextbike GmbH'],/v2/networks/porec-bike-share-porec,porec-bike-share-porec,Porec bike share,Poreč,hr,45.2292,13.6035,
['Nextbike GmbH'],/v2/networks/arriva-nitra,arriva-nitra,Arriva,Nitra,sk,48.3088,18.0783,86329.0
['Nextbike GmbH'],/v2/networks/kaliski-rower-miejski-kalisz,kaliski-rower-miejski-kalisz,Kaliski Rower Miejski,Kalisz,pl,51.7608,18.0746,108759.0
['Nextbike GmbH'],/v2/networks/nextbike-marburg,nextbike-marburg,Nextbike,Marburg,de,50.8019,8.76444,79300.0
['Nextbike GmbH'],/v2/networks/bubi,bubi,MOL Bubi,Budapest,hu,47.497912,19.040235,1708088.0
['Nextbike GmbH'],/v2/networks/nextbike-russelsheim-am-main,nextbike-russelsheim-am-main,Nextbike,Rüsselsheim am Main,de,49.9881,8.42142,
['Nextbike GmbH'],/v2/networks/pruszkowski-rower-miejski-pruszkow,pruszkowski-rower-miejski-pruszkow,Pruszkowski Rower Miejski,Pruszków,pl,52.1637,20.8018,
['Nextbike GmbH'],/v2/networks/rower-miejski-szamotuly-rms-szamotuly,rower-miejski-szamotuly-rms-szamotuly,Rower Miejski Szamotuły,Szamotuły,pl,52.6112,16.5819,
['Nextbike GmbH'],/v2/networks/nextbike-dordrecht,nextbike-dordrecht,Nextbike,Dordrecht,nl,51.7833,4.69391,121595.0
['Nextbike GmbH'],/v2/networks/vrn-heppenheim,vrn-heppenheim,VRN,Heppenheim,de,49.6431,8.63889,25580.0
['Nextbike GmbH'],/v2/networks/czestochowski-rower-miejski-czestochowa,czestochowski-rower-miejski-czestochowa,Częstochowski Rower Miejski,Częstochowa,pl,50.812,19.1375,
['Nextbike GmbH'],/v2/networks/rower-miejski-w-ostrowie-wielkopolskim-ostrow-wielkopolski,rower-miejski-w-ostrowie-wielkopolskim-ostrow-wielkopolski,Rower Miejski w Ostrowie Wielkopolskim,Ostrów Wielkopolski,pl,51.65,17.8253,
['Nextbike GmbH'],/v2/networks/jerseybike-bayonne,jerseybike-bayonne,JerseyBike,Bayonne,us,40.6668,-74.1154,59878.0
['Nextbike GmbH'],/v2/networks/jerseybike-guttenberg,jerseybike-guttenberg,JerseyBike,Guttenberg,us,40.792,-74.0035,11086.0
['Nextbike GmbH'],/v2/networks/jerseybike-west-new-york,jerseybike-west-new-york,JerseyBike,West New York,us,40.7882,-74.0142,46010.0
['Nextbike GmbH'],/v2/networks/dundee-navigogo-dundee,dundee-navigogo-dundee,Dundee-Navigogo,Dundee,gb,56.4623,-2.97071,151593.0
['Nextbike GmbH'],/v2/networks/piaseczynski-rower-miejski-piaseczno,piaseczynski-rower-miejski-piaseczno,Piaseczyński Rower Miejski,Piaseczno,pl,52.0733,21.0269,36279.0
['Nextbike GmbH'],/v2/networks/nextbike-kassel,nextbike-kassel,Nextbike,Kassel,de,51.3127,9.47975,193117.0
['Nextbike GmbH'],/v2/networks/nextbike-sarnen,nextbike-sarnen,Nextbike,Sarnen,ch,46.8963,8.24614,9405.0
['Nextbike GmbH'],/v2/networks/nextbike-wolfenschiessen,nextbike-wolfenschiessen,Nextbike,Wolfenschiessen,ch,46.9079,8.39767,
['Nextbike GmbH'],/v2/networks/nextbike-oberdorf,nextbike-oberdorf,Nextbike,Oberdorf,ch,46.9563,8.3884,
['Nextbike GmbH'],/v2/networks/jerseybike-north-bergen,jerseybike-north-bergen,JerseyBike,North Bergen,us,40.8045,-74.0135,63484.0
['Nextbike GmbH'],/v2/networks/nextbike-giessen,nextbike-giessen,Nextbike,Gießen,de,50.5943,8.68097,
['Nextbike GmbH'],/v2/networks/vrn-weinheim,vrn-weinheim,VRN,Weinheim,de,49.545,8.66027,43217.0
['Nextbike GmbH'],/v2/networks/biker-bialystok-orlen-bialystok,biker-bialystok-orlen-bialystok,BIKER Białystok - Orlen,Białystok,pl,53.1342,23.1485,
['Nextbike GmbH'],/v2/networks/lrm-lublin-orlen-lublin,lrm-lublin-orlen-lublin,LRM Lublin - Orlen,Lublin,pl,51.2469,22.5697,360044.0
['Nextbike GmbH'],/v2/networks/wrm-orlen-wroclaw,wrm-orlen-wroclaw,WRM - Orlen,Wrocław,pl,51.1097,17.0485,
['Nextbike GmbH'],/v2/networks/lodzki-rower-publiczny-orlen-lodz,lodzki-rower-publiczny-orlen-lodz,Łódzki Rower Publiczny - Orlen,Łódź,pl,51.7689,19.4554,
['Nextbike GmbH'],/v2/networks/katowice-bike-orlen-katowice,katowice-bike-orlen-katowice,Katowice Bike - Orlen,Katowice,pl,50.2594,19.0215,317316.0
['Nextbike GmbH'],/v2/networks/veturilo-orlen-warszawa,veturilo-orlen-warszawa,VETURILO - Orlen,Warszawa,pl,52.2265,21.0127,
['Nextbike GmbH'],/v2/networks/nextbike-cardiff,nextbike-cardiff,Nextbike,Cardiff,gb,51.4848,-3.19062,302142.0
['Nextbike GmbH'],/v2/networks/vrn-hockenheim,vrn-hockenheim,VRN,Hockenheim,de,49.3227,8.54258,20814.0
['Nextbike GmbH'],/v2/networks/vrn-schwetzingen,vrn-schwetzingen,VRN,Schwetzingen,de,49.3863,8.5756,23270.0
['Nextbike GmbH'],/v2/networks/nextbike-ennetmoos,nextbike-ennetmoos,Nextbike,Ennetmoos,ch,46.9573,8.3377,
['Nextbike GmbH'],/v2/networks/vrn-eppelheim,vrn-eppelheim,VRN,Eppelheim,de,49.4025,8.6331,14647.0
['Nextbike GmbH'],/v2/networks/nextbike-university-of-surrey,nextbike-university-of-surrey,Nextbike,Surrey,gb,51.2422,-0.590594,
['Nextbike GmbH'],/v2/networks/santander-cycles-swansea-swansea-university,santander-cycles-swansea-swansea-university,Santander Cycles,Swansea,gb,51.6106,-3.9764,170885.0
['Nextbike GmbH'],/v2/networks/nextbike-kussnacht-sz,nextbike-kussnacht-sz,Nextbike,Küssnacht SZ,ch,47.0856,8.44145,
['Nextbike GmbH'],/v2/networks/nextbike-erfurt,nextbike-erfurt,Nextbike,Erfurt,de,50.9785,11.0334,196719.0
['Nextbike GmbH'],/v2/networks/bl-bike-banja-luka,bl-bike-banja-luka,BL bike,Banja Luka,ba,44.775,17.1994,221100.0
['Nextbike GmbH'],/v2/networks/koszalinski-rower-miejski-koszalin,koszalinski-rower-miejski-koszalin,Koszaliński Rower Miejski,Koszalin,pl,54.2026,16.1678,107450.0
['Nextbike GmbH'],/v2/networks/sosnowiecki-rower-miejski-sosnowiec,sosnowiecki-rower-miejski-sosnowiec,Sosnowiecki Rower Miejski,Sosnowiec,pl,50.2823,19.1269,227295.0
['Nextbike GmbH'],/v2/networks/zabrzanski-rower-miejski-zabrze,zabrzanski-rower-miejski-zabrze,Zabrzański Rower Miejski,Zabrze,pl,50.3066,18.7864,192177.0
['Nextbike GmbH'],/v2/networks/jerseybike-liberty-state-park,jerseybike-liberty-state-park,JerseyBike,Liberty State Park,us,40.7051,-74.052,
['Nextbike GmbH'],/v2/networks/chartered-bike-bhopal-tata-motors,chartered-bike-bhopal-tata-motors,Chartered Bike,Bhopal,in,18.6556,73.813,1600080.0
['Nextbike GmbH'],/v2/networks/pobiedziski-rower-gminny-pobiedziska,pobiedziski-rower-gminny-pobiedziska,Pobiedziski Rower Gminny,Pobiedziska,pl,52.4765,17.2866,
['Nextbike GmbH'],/v2/networks/lahr-pedelecs-lahr,lahr-pedelecs-lahr,Nextbike,Lahr,de,48.3396,7.87376,43676.0
['Nextbike GmbH'],/v2/networks/berlin-buch-campus-berlin-buch,berlin-buch-campus-berlin-buch,Berlin-Buch Campus,Berlin,de,52.6364,13.5029,3398362.0
['Nextbike GmbH'],/v2/networks/nextbike-jastrzebie-zdroj,nextbike-jastrzebie-zdroj,System Rowerów Miejskich Jastrzębie Zdrój,Jastrzębie-Zdrój,pl,49.9497,18.599,
['Nextbike GmbH'],/v2/networks/smartbike-delhi-delhi,smartbike-delhi-delhi,Smartbike Delhi,Delhi,in,28.6228,77.2084,10928270.0
['Nextbike GmbH'],/v2/networks/kyiv-kyiv,kyiv-kyiv,Nextbike,Kyiv,ua,50.4282,30.5314,
['Nextbike GmbH'],/v2/networks/nextbike-swietochlowice,nextbike-swietochlowice,Nextbike,Świętochłowice,pl,50.2956,18.9165,
['Nextbike GmbH'],/v2/networks/piotrkowski-rower-miejski-piotrkow-trybunalski,piotrkowski-rower-miejski-piotrkow-trybunalski,Piotrkowski Rower Miejski,Piotrków Trybunalski,pl,51.3992,19.6971,
['Nextbike GmbH'],/v2/networks/siemianowicki-rower-miejski-siemianowice-slaskie,siemianowicki-rower-miejski-siemianowice-slaskie,Siemianowicki Rower Miejski,Siemianowice Śląskie,pl,50.3031,19.0222,
['Nextbike GmbH'],/v2/networks/nextbike-turin,nextbike-turin,Nextbike,Turin,de,45.0674,7.66631,
['Nextbike GmbH'],/v2/networks/plocki-rower-miejski-prm-plock,plocki-rower-miejski-prm-plock,Płocki Rower Miejski,Płock,pl,52.5421,19.7081,
['Nextbike GmbH'],/v2/networks/lviv-kharkiv,lviv-kharkiv,Nextbike,Kharkiv,ua,49.9795,36.2563,
['Nextbike GmbH'],/v2/networks/ciechanowski-rower-miejski-ciechanow,ciechanowski-rower-miejski-ciechanow,Ciechanowski Rower Miejski,Ciechanów,pl,52.8763,20.6102,
['Nextbike GmbH'],/v2/networks/lviv-odessa,lviv-odessa,Nextbike,Odessa,ua,46.463,30.7042,
['Nextbike GmbH'],/v2/networks/otwocki-rower-miejski-otwock,otwocki-rower-miejski-otwock,Otwocki Rower Miejski,Otwock,pl,52.1083,21.2661,42776.0
['Nextbike GmbH'],/v2/networks/tychowski-rower-miejski-tychowo,tychowski-rower-miejski-tychowo,Tychowski Rower Miejski,Tychowo,pl,53.9395,16.2306,
['Nextbike GmbH'],/v2/networks/zielonogorski-rower-miejski-zielona-gora,zielonogorski-rower-miejski-zielona-gora,Zielonogórski Rower Miejski,Zielona Góra,pl,51.9381,15.5048,
['Nextbike GmbH'],/v2/networks/santander-monchengladbach,santander-monchengladbach,Santander Mönchengladbach,Mönchengladbach,de,51.1817,6.43578,264969.0
['Nextbike GmbH'],/v2/networks/nomagobikes-celje,nomagobikes-celje,NomagoBikes,Celje,si,46.2388,15.2693,37115.0
['Nextbike GmbH'],/v2/networks/bilbon-bizi,bilbon-bizi,BilbonBizi,Bilbao,es,43.2752,-2.93528,349270.0
['Nextbike GmbH'],/v2/networks/tychowski-rower-miejski-atrakcje-turystyczne-tychowo,tychowski-rower-miejski-atrakcje-turystyczne-tychowo,Atrakcje turystyczne Tychowo,Tychowo,pl,53.9294,16.2467,
['Nextbike GmbH'],/v2/networks/nomagobikes-lasko,nomagobikes-lasko,NomagoBikes,Laško,si,46.1458,15.2312,
['Nextbike GmbH'],/v2/networks/nextbike-lippstadt,nextbike-lippstadt,Nextbike,Lippstadt,de,51.6755,8.34394,67638.0
['Nextbike GmbH'],/v2/networks/bikekia-zilina,bikekia-zilina,BikeKia,Žilina,sk,49.2217,18.7572,
['Nextbike GmbH'],/v2/networks/koninski-rower-miejski-konin,koninski-rower-miejski-konin,Koniński Rower Miejski,Konin,pl,52.2284,18.2553,81258.0
['Nextbike GmbH'],/v2/networks/nextbike-vinnytsia,nextbike-vinnytsia,Nextbike,Vinnytsia,ua,49.2328,28.4625,
['Nextbike GmbH'],/v2/networks/nextbike-bonn,nextbike-bonn,Nextbike,Bonn,de,50.7367,7.09541,314081.0
['Nextbike GmbH'],/v2/networks/tarnowski-rower-miejski-tarnow,tarnowski-rower-miejski-tarnow,Tarnowski Rower Miejski,Tarnów,pl,50.0113,20.9728,
['Nextbike GmbH'],/v2/networks/kolo-marek-marki,kolo-marek-marki,Koło Marek,Marki,pl,52.3256,21.1089,23177.0
['Nextbike GmbH'],/v2/networks/zyrardowski-rower-miejski-zyrardow,zyrardowski-rower-miejski-zyrardow,Żyrardowski Rower Miejski,Żyrardów,pl,52.0503,20.4464,
['Nextbike GmbH'],/v2/networks/kajteroz-chorzowski-rower-miejski-chorzow,kajteroz-chorzowski-rower-miejski-chorzow,Kajteroz - Chorzowski Rower Miejski,Chorzów,pl,50.2969,18.9551,
['Nextbike GmbH'],/v2/networks/rowerowe-lodzkie-rl-koluszki,rowerowe-lodzkie-rl-koluszki,Rowerowe Łódzkie,Koluszki,pl,51.7401,19.835,13343.0
['Nextbike GmbH'],/v2/networks/rowerowe-lodzkie-rl-lask,rowerowe-lodzkie-rl-lask,Rowerowe Łódzkie,Łask,pl,51.5893,19.142,
['Nextbike GmbH'],/v2/networks/rowerowe-lodzkie-rl-lowicz,rowerowe-lodzkie-rl-lowicz,Rowerowe Łódzkie,Łowicz,pl,52.1057,19.9381,
['Nextbike GmbH'],/v2/networks/rowerowe-lodzkie-rl-pabianice,rowerowe-lodzkie-rl-pabianice,Rowerowe Łódzkie,Pabianice,pl,51.6651,19.3548,70542.0
['Nextbike GmbH'],/v2/networks/rowerowe-lodzkie-rl-sieradz,rowerowe-lodzkie-rl-sieradz,Rowerowe Łódzkie,Sieradz,pl,51.5902,18.7382,44436.0
['Nextbike GmbH'],/v2/networks/rowerowe-lodzkie-rl-skierniewice,rowerowe-lodzkie-rl-skierniewice,Rowerowe Łódzkie,Skierniewice,pl,51.9539,20.1469,49042.0
['Nextbike GmbH'],/v2/networks/rowerowe-lodzkie-rl-zdunska-wola,rowerowe-lodzkie-rl-zdunska-wola,Rowerowe Łódzkie,Zduńska Wola,pl,51.6011,18.938,
['Nextbike GmbH'],/v2/networks/rowerowe-lodzkie-rl-zgierz,rowerowe-lodzkie-rl-zgierz,Rowerowe Łódzkie,Zgierz,pl,51.8551,19.4068,58036.0
['Nextbike GmbH'],/v2/networks/rowerowe-lodzkie-rl-kutno,rowerowe-lodzkie-rl-kutno,Rowerowe Łódzkie,Kutno,pl,52.2317,19.3564,48323.0
['Nextbike GmbH'],/v2/networks/rowerowe-lodzkie-rl-lodz-rl,rowerowe-lodzkie-rl-lodz-rl,Rowerowe Łódzkie,Łódź,pl,51.7674,19.4575,
['Nextbike GmbH'],/v2/networks/nextbike-odesa,nextbike-odesa,Nextbike,Odesa,ua,46.4672,30.7164,1001553.0
['Nextbike GmbH'],/v2/networks/nextbike-alvsjo,nextbike-alvsjo,Nextbike,Älvsjö,de,59.2745,18.005,
['Nextbike GmbH'],/v2/networks/nextbike-wittenberge,nextbike-wittenberge,Nextbike,Wittenberge,de,52.9952,11.7517,20322.0
['Nextbike GmbH'],/v2/networks/frelo-freiburg,frelo-freiburg,Frelo,Freiburg,de,47.9958,7.84453,213920.0
