Domain Code,Domain,Area Code,Area,Element Code,Element,Item Code,Item,Year Code,Year,Unit,Value,Flag,Flag Description,Note
"OA","Annual population","79","Germany","511","Total Population - Both sexes","3010","Population - Est. & Proj.","1950","1950","1000 persons","69966.243","X","International reliable sources","UNDESA, Population Division – World Population Prospects, the 2017 Revision"
"OA","Annual population","79","Germany","512","Total Population - Male","3010","Population - Est. & Proj.","1950","1950","1000 persons","32283.905","X","International reliable sources","UNDESA, Population Division – World Population Prospects, the 2017 Revision"
"OA","Annual population","79","Germany","513","Total Population - Female","3010","Population - Est. & Proj.","1950","1950","1000 persons","37682.347","X","International reliable sources","UNDESA, Population Division – World Population Prospects, the 2017 Revision"
"OA","Annual population","79","Germany","551","Rural population","3010","Population - Est. & Proj.","1950","1950","1000 persons","22428.713","X","International reliable sources",""
"OA","Annual population","79","Germany","561","Urban population","3010","Population - Est. & Proj.","1950","1950","1000 persons","47537.53","X","International reliable sources","UNDESA, Population Division – World Urbanization Prospects, the 2018 Revision"
"OA","Annual population","79","Germany","511","Total Population - Both sexes","3010","Population - Est. & Proj.","1951","1951","1000 persons","70300.01","X","International reliable sources",""
"OA","Annual population","79","Germany","512","Total Population - Male","3010","Population - Est. & Proj.","1951","1951","1000 persons","32476.988","X","International reliable sources",""
"OA","Annual population","79","Germany","513","Total Population - Female","3010","Population - Est. & Proj.","1951","1951","1000 persons","37823.023","X","International reliable sources",""
"OA","Annual population","79","Germany","551","Rural population","3010","Population - Est. & Proj.","1951","1951","1000 persons","22286.799","X","International reliable sources",""
"OA","Annual population","79","Germany","561","Urban population","3010","Population - Est. & Proj.","1951","1951","1000 persons","48012.559","X","International reliable sources","UNDESA, Population Division – World Urbanization Prospects, the 2018 Revision"
"OA","Annual population","79","Germany","511","Total Population - Both sexes","3010","Population - Est. & Proj.","1952","1952","1000 persons","70620.277","X","International reliable sources",""
"OA","Annual population","79","Germany","512","Total Population - Male","3010","Population - Est. & Proj.","1952","1952","1000 persons","32662.845","X","International reliable sources",""
"OA","Annual population","79","Germany","513","Total Population - Female","3010","Population - Est. & Proj.","1952","1952","1000 persons","37957.43","X","International reliable sources",""
"OA","Annual population","79","Germany","551","Rural population","3010","Population - Est. & Proj.","1952","1952","1000 persons","22139.605","X","International reliable sources",""
"OA","Annual population","79","Germany","561","Urban population","3010","Population - Est. & Proj.","1952","1952","1000 persons","48479.894","X","International reliable sources","UNDESA, Population Division – World Urbanization Prospects, the 2018 Revision"
"OA","Annual population","79","Germany","511","Total Population - Both sexes","3010","Population - Est. & Proj.","1953","1953","1000 persons","70929.844","X","International reliable sources",""
"OA","Annual population","79","Germany","512","Total Population - Male","3010","Population - Est. & Proj.","1953","1953","1000 persons","32838.82","X","International reliable sources",""
"OA","Annual population","79","Germany","513","Total Population - Female","3010","Population - Est. & Proj.","1953","1953","1000 persons","38091.019","X","International reliable sources",""
"OA","Annual population","79","Germany","551","Rural population","3010","Population - Est. & Proj.","1953","1953","1000 persons","21989.134","X","International reliable sources",""
"OA","Annual population","79","Germany","561","Urban population","3010","Population - Est. & Proj.","1953","1953","1000 persons","48940.125","X","International reliable sources","UNDESA, Population Division – World Urbanization Prospects, the 2018 Revision"
"OA","Annual population","79","Germany","511","Total Population - Both sexes","3010","Population - Est. & Proj.","1954","1954","1000 persons","71233.392","X","International reliable sources",""
"OA","Annual population","79","Germany","512","Total Population - Male","3010","Population - Est. & Proj.","1954","1954","1000 persons","33005.14","X","International reliable sources",""
"OA","Annual population","79","Germany","513","Total Population - Female","3010","Population - Est. & Proj.","1954","1954","1000 persons","38228.253","X","International reliable sources",""
"OA","Annual population","79","Germany","551","Rural population","3010","Population - Est. & Proj.","1954","1954","1000 persons","21835.888","X","International reliable sources",""
"OA","Annual population","79","Germany","561","Urban population","3010","Population - Est. & Proj.","1954","1954","1000 persons","49397.243","X","International reliable sources","UNDESA, Population Division – World Urbanization Prospects, the 2018 Revision"
"OA","Annual population","79","Germany","511","Total Population - Both sexes","3010","Population - Est. & Proj.","1955","1955","1000 persons","71537.459","X","International reliable sources",""
"OA","Annual population","79","Germany","512","Total Population - Male","3010","Population - Est. & Proj.","1955","1955","1000 persons","33164.828","X","International reliable sources",""
"OA","Annual population","79","Germany","513","Total Population - Female","3010","Population - Est. & Proj.","1955","1955","1000 persons","38372.626","X","International reliable sources",""
"OA","Annual population","79","Germany","551","Rural population","3010","Population - Est. & Proj.","1955","1955","1000 persons","21682.254","X","International reliable sources",""
"OA","Annual population","79","Germany","561","Urban population","3010","Population - Est. & Proj.","1955","1955","1000 persons","49855.283","X","International reliable sources","UNDESA, Population Division – World Urbanization Prospects, the 2018 Revision"
"OA","Annual population","79","Germany","511","Total Population - Both sexes","3010","Population - Est. & Proj.","1956","1956","1000 persons","71850.649","X","International reliable sources",""
"OA","Annual population","79","Germany","512","Total Population - Male","3010","Population - Est. & Proj.","1956","1956","1000 persons","33324.004","X","International reliable sources",""
"OA","Annual population","79","Germany","513","Total Population - Female","3010","Population - Est. & Proj.","1956","1956","1000 persons","38526.641","X","International reliable sources",""
"OA","Annual population","79","Germany","551","Rural population","3010","Population - Est. & Proj.","1956","1956","1000 persons","21530.474","X","International reliable sources",""
"OA","Annual population","79","Germany","561","Urban population","3010","Population - Est. & Proj.","1956","1956","1000 persons","50320.506","X","International reliable sources","UNDESA, Population Division – World Urbanization Prospects, the 2018 Revision"
"OA","Annual population","79","Germany","511","Total Population - Both sexes","3010","Population - Est. & Proj.","1957","1957","1000 persons","72183.458","X","International reliable sources",""
"OA","Annual population","79","Germany","512","Total Population - Male","3010","Population - Est. & Proj.","1957","1957","1000 persons","33491.636","X","International reliable sources",""
"OA","Annual population","79","Germany","513","Total Population - Female","3010","Population - Est. & Proj.","1957","1957","1000 persons","38691.817","X","International reliable sources",""
"OA","Annual population","79","Germany","551","Rural population","3010","Population - Est. & Proj.","1957","1957","1000 persons","21384.606","X","International reliable sources",""
"OA","Annual population","79","Germany","561","Urban population","3010","Population - Est. & Proj.","1957","1957","1000 persons","50799.31","X","International reliable sources","UNDESA, Population Division – World Urbanization Prospects, the 2018 Revision"
"OA","Annual population","79","Germany","511","Total Population - Both sexes","3010","Population - Est. & Proj.","1958","1958","1000 persons","72547.578","X","International reliable sources",""
"OA","Annual population","79","Germany","512","Total Population - Male","3010","Population - Est. & Proj.","1958","1958","1000 persons","33678.833","X","International reliable sources",""
"OA","Annual population","79","Germany","513","Total Population - Female","3010","Population - Est. & Proj.","1958","1958","1000 persons","38868.748","X","International reliable sources",""
"OA","Annual population","79","Germany","551","Rural population","3010","Population - Est. & Proj.","1958","1958","1000 persons","21246.9","X","International reliable sources",""
"OA","Annual population","79","Germany","561","Urban population","3010","Population - Est. & Proj.","1958","1958","1000 persons","51301.142","X","International reliable sources","UNDESA, Population Division – World Urbanization Prospects, the 2018 Revision"
"OA","Annual population","79","Germany","511","Total Population - Both sexes","3010","Population - Est. & Proj.","1959","1959","1000 persons","72954.886","X","International reliable sources",""
"OA","Annual population","79","Germany","512","Total Population - Male","3010","Population - Est. & Proj.","1959","1959","1000 persons","33897.736","X","International reliable sources",""
"OA","Annual population","79","Germany","513","Total Population - Female","3010","Population - Est. & Proj.","1959","1959","1000 persons","39057.149","X","International reliable sources",""
"OA","Annual population","79","Germany","551","Rural population","3010","Population - Est. & Proj.","1959","1959","1000 persons","21120.859","X","International reliable sources",""
"OA","Annual population","79","Germany","561","Urban population","3010","Population - Est. & Proj.","1959","1959","1000 persons","51834.385","X","International reliable sources","UNDESA, Population Division – World Urbanization Prospects, the 2018 Revision"
"OA","Annual population","79","Germany","511","Total Population - Both sexes","3010","Population - Est. & Proj.","1960","1960","1000 persons","73414.239","X","International reliable sources",""
"OA","Annual population","79","Germany","512","Total Population - Male","3010","Population - Est. & Proj.","1960","1960","1000 persons","34158.076","X","International reliable sources",""
"OA","Annual population","79","Germany","513","Total Population - Female","3010","Population - Est. & Proj.","1960","1960","1000 persons","39256.153","X","International reliable sources",""
"OA","Annual population","79","Germany","551","Rural population","3010","Population - Est. & Proj.","1960","1960","1000 persons","21008.305","X","International reliable sources",""
"OA","Annual population","79","Germany","561","Urban population","3010","Population - Est. & Proj.","1960","1960","1000 persons","52406.122","X","International reliable sources","UNDESA, Population Division – World Urbanization Prospects, the 2018 Revision"
"OA","Annual population","79","Germany","511","Total Population - Both sexes","3010","Population - Est. & Proj.","1961","1961","1000 persons","73928.082","X","International reliable sources",""
"OA","Annual population","79","Germany","512","Total Population - Male","3010","Population - Est. & Proj.","1961","1961","1000 persons","34463.525","X","International reliable sources",""
"OA","Annual population","79","Germany","513","Total Population - Female","3010","Population - Est. & Proj.","1961","1961","1000 persons","39464.552","X","International reliable sources",""
"OA","Annual population","79","Germany","551","Rural population","3010","Population - Est. & Proj.","1961","1961","1000 persons","20923.93","X","International reliable sources",""
"OA","Annual population","79","Germany","561","Urban population","3010","Population - Est. & Proj.","1961","1961","1000 persons","53004.118","X","International reliable sources","UNDESA, Population Division – World Urbanization Prospects, the 2018 Revision"
"OA","Annual population","79","Germany","511","Total Population - Both sexes","3010","Population - Est. & Proj.","1962","1962","1000 persons","74489.454","X","International reliable sources",""
"OA","Annual population","79","Germany","512","Total Population - Male","3010","Population - Est. & Proj.","1962","1962","1000 persons","34808.488","X","International reliable sources",""
"OA","Annual population","79","Germany","513","Total Population - Female","3010","Population - Est. & Proj.","1962","1962","1000 persons","39680.962","X","International reliable sources",""
"OA","Annual population","79","Germany","551","Rural population","3010","Population - Est. & Proj.","1962","1962","1000 persons","21034.614","X","International reliable sources",""
"OA","Annual population","79","Germany","561","Urban population","3010","Population - Est. & Proj.","1962","1962","1000 persons","53454.528","X","International reliable sources","UNDESA, Population Division – World Urbanization Prospects, the 2018 Revision"
"OA","Annual population","79","Germany","511","Total Population - Both sexes","3010","Population - Est. & Proj.","1963","1963","1000 persons","75080.748","X","International reliable sources",""
"OA","Annual population","79","Germany","512","Total Population - Male","3010","Population - Est. & Proj.","1963","1963","1000 persons","35176.758","X","International reliable sources",""
"OA","Annual population","79","Germany","513","Total Population - Female","3010","Population - Est. & Proj.","1963","1963","1000 persons","39903.991","X","International reliable sources",""
"OA","Annual population","79","Germany","551","Rural population","3010","Population - Est. & Proj.","1963","1963","1000 persons","21153.039","X","International reliable sources",""
"OA","Annual population","79","Germany","561","Urban population","3010","Population - Est. & Proj.","1963","1963","1000 persons","53927.008","X","International reliable sources","UNDESA, Population Division – World Urbanization Prospects, the 2018 Revision"
"OA","Annual population","79","Germany","511","Total Population - Both sexes","3010","Population - Est. & Proj.","1964","1964","1000 persons","75677.307","X","International reliable sources",""
"OA","Annual population","79","Germany","512","Total Population - Male","3010","Population - Est. & Proj.","1964","1964","1000 persons","35545.367","X","International reliable sources",""
"OA","Annual population","79","Germany","513","Total Population - Female","3010","Population - Est. & Proj.","1964","1964","1000 persons","40131.938","X","International reliable sources",""
"OA","Annual population","79","Germany","551","Rural population","3010","Population - Est. & Proj.","1964","1964","1000 persons","21272.125","X","International reliable sources",""
"OA","Annual population","79","Germany","561","Urban population","3010","Population - Est. & Proj.","1964","1964","1000 persons","54403.886","X","International reliable sources","UNDESA, Population Division – World Urbanization Prospects, the 2018 Revision"
"OA","Annual population","79","Germany","511","Total Population - Both sexes","3010","Population - Est. & Proj.","1965","1965","1000 persons","76258.032","X","International reliable sources",""
"OA","Annual population","79","Germany","512","Total Population - Male","3010","Population - Est. & Proj.","1965","1965","1000 persons","35896.038","X","International reliable sources",""
"OA","Annual population","79","Germany","513","Total Population - Female","3010","Population - Est. & Proj.","1965","1965","1000 persons","40361.996","X","International reliable sources",""
"OA","Annual population","79","Germany","551","Rural population","3010","Population - Est. & Proj.","1965","1965","1000 persons","21386.144","X","International reliable sources",""
"OA","Annual population","79","Germany","561","Urban population","3010","Population - Est. & Proj.","1965","1965","1000 persons","54869.782","X","International reliable sources","UNDESA, Population Division – World Urbanization Prospects, the 2018 Revision"
"OA","Annual population","79","Germany","511","Total Population - Both sexes","3010","Population - Est. & Proj.","1966","1966","1000 persons","76819.577","X","International reliable sources",""
"OA","Annual population","79","Germany","512","Total Population - Male","3010","Population - Est. & Proj.","1966","1966","1000 persons","36224.756","X","International reliable sources",""
"OA","Annual population","79","Germany","513","Total Population - Female","3010","Population - Est. & Proj.","1966","1966","1000 persons","40594.814","X","International reliable sources",""
"OA","Annual population","79","Germany","551","Rural population","3010","Population - Est. & Proj.","1966","1966","1000 persons","21493.962","X","International reliable sources",""
"OA","Annual population","79","Germany","561","Urban population","3010","Population - Est. & Proj.","1966","1966","1000 persons","55322.375","X","International reliable sources","UNDESA, Population Division – World Urbanization Prospects, the 2018 Revision"
"OA","Annual population","79","Germany","511","Total Population - Both sexes","3010","Population - Est. & Proj.","1967","1967","1000 persons","77357.255","X","International reliable sources",""
"OA","Annual population","79","Germany","512","Total Population - Male","3010","Population - Est. & Proj.","1967","1967","1000 persons","36531.311","X","International reliable sources",""
"OA","Annual population","79","Germany","513","Total Population - Female","3010","Population - Est. & Proj.","1967","1967","1000 persons","40825.94","X","International reliable sources",""
"OA","Annual population","79","Germany","551","Rural population","3010","Population - Est. & Proj.","1967","1967","1000 persons","21594.406","X","International reliable sources",""
"OA","Annual population","79","Germany","561","Urban population","3010","Population - Est. & Proj.","1967","1967","1000 persons","55758.256","X","International reliable sources","UNDESA, Population Division – World Urbanization Prospects, the 2018 Revision"
"OA","Annual population","79","Germany","511","Total Population - Both sexes","3010","Population - Est. & Proj.","1968","1968","1000 persons","77847.179","X","International reliable sources",""
"OA","Annual population","79","Germany","512","Total Population - Male","3010","Population - Est. & Proj.","1968","1968","1000 persons","36805.926","X","International reliable sources",""
"OA","Annual population","79","Germany","513","Total Population - Female","3010","Population - Est. & Proj.","1968","1968","1000 persons","41041.253","X","International reliable sources",""
"OA","Annual population","79","Germany","551","Rural population","3010","Population - Est. & Proj.","1968","1968","1000 persons","21680.918","X","International reliable sources",""
"OA","Annual population","79","Germany","561","Urban population","3010","Population - Est. & Proj.","1968","1968","1000 persons","56160.517","X","International reliable sources","UNDESA, Population Division – World Urbanization Prospects, the 2018 Revision"
"OA","Annual population","79","Germany","511","Total Population - Both sexes","3010","Population - Est. & Proj.","1969","1969","1000 persons","78260.755","X","International reliable sources",""
"OA","Annual population","79","Germany","512","Total Population - Male","3010","Population - Est. & Proj.","1969","1969","1000 persons","37038.148","X","International reliable sources",""
"OA","Annual population","79","Germany","513","Total Population - Female","3010","Population - Est. & Proj.","1969","1969","1000 persons","41222.608","X","International reliable sources",""
"OA","Annual population","79","Germany","551","Rural population","3010","Population - Est. & Proj.","1969","1969","1000 persons","21746.009","X","International reliable sources",""
"OA","Annual population","79","Germany","561","Urban population","3010","Population - Est. & Proj.","1969","1969","1000 persons","56508.617","X","International reliable sources","UNDESA, Population Division – World Urbanization Prospects, the 2018 Revision"
"OA","Annual population","79","Germany","511","Total Population - Both sexes","3010","Population - Est. & Proj.","1970","1970","1000 persons","78578.385","X","International reliable sources",""
"OA","Annual population","79","Germany","512","Total Population - Male","3010","Population - Est. & Proj.","1970","1970","1000 persons","37221.14","X","International reliable sources",""
"OA","Annual population","79","Germany","513","Total Population - Female","3010","Population - Est. & Proj.","1970","1970","1000 persons","41357.241","X","International reliable sources",""
"OA","Annual population","79","Germany","551","Rural population","3010","Population - Est. & Proj.","1970","1970","1000 persons","21784.777","X","International reliable sources",""
"OA","Annual population","79","Germany","561","Urban population","3010","Population - Est. & Proj.","1970","1970","1000 persons","56788.207","X","International reliable sources","UNDESA, Population Division – World Urbanization Prospects, the 2018 Revision"
"OA","Annual population","79","Germany","511","Total Population - Both sexes","3010","Population - Est. & Proj.","1971","1971","1000 persons","78789.939","X","International reliable sources",""
"OA","Annual population","79","Germany","512","Total Population - Male","3010","Population - Est. & Proj.","1971","1971","1000 persons","37349.922","X","International reliable sources",""
"OA","Annual population","79","Germany","513","Total Population - Female","3010","Population - Est. & Proj.","1971","1971","1000 persons","41440.009","X","International reliable sources",""
"OA","Annual population","79","Germany","551","Rural population","3010","Population - Est. & Proj.","1971","1971","1000 persons","21798.92","X","International reliable sources",""
"OA","Annual population","79","Germany","561","Urban population","3010","Population - Est. & Proj.","1971","1971","1000 persons","56987.688","X","International reliable sources","UNDESA, Population Division – World Urbanization Prospects, the 2018 Revision"
"OA","Annual population","79","Germany","511","Total Population - Both sexes","3010","Population - Est. & Proj.","1972","1972","1000 persons","78901.818","X","International reliable sources",""
"OA","Annual population","79","Germany","512","Total Population - Male","3010","Population - Est. & Proj.","1972","1972","1000 persons","37426.959","X","International reliable sources",""
"OA","Annual population","79","Germany","513","Total Population - Female","3010","Population - Est. & Proj.","1972","1972","1000 persons","41474.867","X","International reliable sources",""
"OA","Annual population","79","Germany","551","Rural population","3010","Population - Est. & Proj.","1972","1972","1000 persons","21785.61","X","International reliable sources",""
"OA","Annual population","79","Germany","561","Urban population","3010","Population - Est. & Proj.","1972","1972","1000 persons","57116.097","X","International reliable sources","UNDESA, Population Division – World Urbanization Prospects, the 2018 Revision"
"OA","Annual population","79","Germany","511","Total Population - Both sexes","3010","Population - Est. & Proj.","1973","1973","1000 persons","78932.455","X","International reliable sources",""
"OA","Annual population","79","Germany","512","Total Population - Male","3010","Population - Est. & Proj.","1973","1973","1000 persons","37462.723","X","International reliable sources",""
"OA","Annual population","79","Germany","513","Total Population - Female","3010","Population - Est. & Proj.","1973","1973","1000 persons","41469.732","X","International reliable sources",""
"OA","Annual population","79","Germany","551","Rural population","3010","Population - Est. & Proj.","1973","1973","1000 persons","21750.13","X","International reliable sources",""
"OA","Annual population","79","Germany","561","Urban population","3010","Population - Est. & Proj.","1973","1973","1000 persons","57186.035","X","International reliable sources","UNDESA, Population Division – World Urbanization Prospects, the 2018 Revision"
"OA","Annual population","79","Germany","511","Total Population - Both sexes","3010","Population - Est. & Proj.","1974","1974","1000 persons","78909.807","X","International reliable sources",""
"OA","Annual population","79","Germany","512","Total Population - Male","3010","Population - Est. & Proj.","1974","1974","1000 persons","37472.685","X","International reliable sources",""
"OA","Annual population","79","Germany","513","Total Population - Female","3010","Population - Est. & Proj.","1974","1974","1000 persons","41437.123","X","International reliable sources",""
"OA","Annual population","79","Germany","551","Rural population","3010","Population - Est. & Proj.","1974","1974","1000 persons","21699.923","X","International reliable sources",""
"OA","Annual population","79","Germany","561","Urban population","3010","Population - Est. & Proj.","1974","1974","1000 persons","57217.297","X","International reliable sources","UNDESA, Population Division – World Urbanization Prospects, the 2018 Revision"
"OA","Annual population","79","Germany","511","Total Population - Both sexes","3010","Population - Est. & Proj.","1975","1975","1000 persons","78856.039","X","International reliable sources",""
"OA","Annual population","79","Germany","512","Total Population - Male","3010","Population - Est. & Proj.","1975","1975","1000 persons","37468.961","X","International reliable sources",""
"OA","Annual population","79","Germany","513","Total Population - Female","3010","Population - Est. & Proj.","1975","1975","1000 persons","41387.07","X","International reliable sources",""
"OA","Annual population","79","Germany","551","Rural population","3010","Population - Est. & Proj.","1975","1975","1000 persons","21641.075","X","International reliable sources",""
"OA","Annual population","79","Germany","561","Urban population","3010","Population - Est. & Proj.","1975","1975","1000 persons","57225.423","X","International reliable sources","UNDESA, Population Division – World Urbanization Prospects, the 2018 Revision"
"OA","Annual population","79","Germany","511","Total Population - Both sexes","3010","Population - Est. & Proj.","1976","1976","1000 persons","78781.733","X","International reliable sources",""
"OA","Annual population","79","Germany","512","Total Population - Male","3010","Population - Est. & Proj.","1976","1976","1000 persons","37458.109","X","International reliable sources",""
"OA","Annual population","79","Germany","513","Total Population - Female","3010","Population - Est. & Proj.","1976","1976","1000 persons","41323.631","X","International reliable sources",""
"OA","Annual population","79","Germany","551","Rural population","3010","Population - Est. & Proj.","1976","1976","1000 persons","21576.454","X","International reliable sources",""
"OA","Annual population","79","Germany","561","Urban population","3010","Population - Est. & Proj.","1976","1976","1000 persons","57218.042","X","International reliable sources","UNDESA, Population Division – World Urbanization Prospects, the 2018 Revision"
"OA","Annual population","79","Germany","511","Total Population - Both sexes","3010","Population - Est. & Proj.","1977","1977","1000 persons","78687.323","X","International reliable sources",""
"OA","Annual population","79","Germany","512","Total Population - Male","3010","Population - Est. & Proj.","1977","1977","1000 persons","37440.25","X","International reliable sources",""
"OA","Annual population","79","Germany","513","Total Population - Female","3010","Population - Est. & Proj.","1977","1977","1000 persons","41247.073","X","International reliable sources",""
"OA","Annual population","79","Germany","551","Rural population","3010","Population - Est. & Proj.","1977","1977","1000 persons","21506.441","X","International reliable sources",""
"OA","Annual population","79","Germany","561","Urban population","3010","Population - Est. & Proj.","1977","1977","1000 persons","57195.36","X","International reliable sources","UNDESA, Population Division – World Urbanization Prospects, the 2018 Revision"
"OA","Annual population","79","Germany","511","Total Population - Both sexes","3010","Population - Est. & Proj.","1978","1978","1000 persons","78573.586","X","International reliable sources",""
"OA","Annual population","79","Germany","512","Total Population - Male","3010","Population - Est. & Proj.","1978","1978","1000 persons","37413.925","X","International reliable sources",""
"OA","Annual population","79","Germany","513","Total Population - Female","3010","Population - Est. & Proj.","1978","1978","1000 persons","41159.663","X","International reliable sources",""
"OA","Annual population","79","Germany","551","Rural population","3010","Population - Est. & Proj.","1978","1978","1000 persons","21431.132","X","International reliable sources",""
"OA","Annual population","79","Germany","561","Urban population","3010","Population - Est. & Proj.","1978","1978","1000 persons","57158.179","X","International reliable sources","UNDESA, Population Division – World Urbanization Prospects, the 2018 Revision"
"OA","Annual population","79","Germany","511","Total Population - Both sexes","3010","Population - Est. & Proj.","1979","1979","1000 persons","78438.164","X","International reliable sources",""
"OA","Annual population","79","Germany","512","Total Population - Male","3010","Population - Est. & Proj.","1979","1979","1000 persons","37375.198","X","International reliable sources",""
"OA","Annual population","79","Germany","513","Total Population - Female","3010","Population - Est. & Proj.","1979","1979","1000 persons","41062.973","X","International reliable sources",""
"OA","Annual population","79","Germany","551","Rural population","3010","Population - Est. & Proj.","1979","1979","1000 persons","21350.029","X","International reliable sources",""
"OA","Annual population","79","Germany","561","Urban population","3010","Population - Est. & Proj.","1979","1979","1000 persons","57104.819","X","International reliable sources","UNDESA, Population Division – World Urbanization Prospects, the 2018 Revision"
"OA","Annual population","79","Germany","511","Total Population - Both sexes","3010","Population - Est. & Proj.","1980","1980","1000 persons","78283.1","X","International reliable sources",""
"OA","Annual population","79","Germany","512","Total Population - Male","3010","Population - Est. & Proj.","1980","1980","1000 persons","37323.401","X","International reliable sources",""
"OA","Annual population","79","Germany","513","Total Population - Female","3010","Population - Est. & Proj.","1980","1980","1000 persons","40959.7","X","International reliable sources",""
"OA","Annual population","79","Germany","551","Rural population","3010","Population - Est. & Proj.","1980","1980","1000 persons","21263.715","X","International reliable sources",""
"OA","Annual population","79","Germany","561","Urban population","3010","Population - Est. & Proj.","1980","1980","1000 persons","57036.935","X","International reliable sources","UNDESA, Population Division – World Urbanization Prospects, the 2018 Revision"
"OA","Annual population","79","Germany","511","Total Population - Both sexes","3010","Population - Est. & Proj.","1981","1981","1000 persons","78107.857","X","International reliable sources",""
"OA","Annual population","79","Germany","512","Total Population - Male","3010","Population - Est. & Proj.","1981","1981","1000 persons","37256.742","X","International reliable sources",""
"OA","Annual population","79","Germany","513","Total Population - Female","3010","Population - Est. & Proj.","1981","1981","1000 persons","40851.118","X","International reliable sources",""
"OA","Annual population","79","Germany","551","Rural population","3010","Population - Est. & Proj.","1981","1981","1000 persons","21102.551","X","International reliable sources",""
"OA","Annual population","79","Germany","561","Urban population","3010","Population - Est. & Proj.","1981","1981","1000 persons","57023.553","X","International reliable sources","UNDESA, Population Division – World Urbanization Prospects, the 2018 Revision"
"OA","Annual population","79","Germany","511","Total Population - Both sexes","3010","Population - Est. & Proj.","1982","1982","1000 persons","77926.011","X","International reliable sources",""
"OA","Annual population","79","Germany","512","Total Population - Male","3010","Population - Est. & Proj.","1982","1982","1000 persons","37183.428","X","International reliable sources",""
"OA","Annual population","79","Germany","513","Total Population - Female","3010","Population - Est. & Proj.","1982","1982","1000 persons","40742.588","X","International reliable sources",""
"OA","Annual population","79","Germany","551","Rural population","3010","Population - Est. & Proj.","1982","1982","1000 persons","20961.916","X","International reliable sources",""
"OA","Annual population","79","Germany","561","Urban population","3010","Population - Est. & Proj.","1982","1982","1000 persons","56982.932","X","International reliable sources","UNDESA, Population Division – World Urbanization Prospects, the 2018 Revision"
"OA","Annual population","79","Germany","511","Total Population - Both sexes","3010","Population - Est. & Proj.","1983","1983","1000 persons","77770.213","X","International reliable sources",""
"OA","Annual population","79","Germany","512","Total Population - Male","3010","Population - Est. & Proj.","1983","1983","1000 persons","37124.503","X","International reliable sources",""
"OA","Annual population","79","Germany","513","Total Population - Female","3010","Population - Est. & Proj.","1983","1983","1000 persons","40645.707","X","International reliable sources",""
"OA","Annual population","79","Germany","551","Rural population","3010","Population - Est. & Proj.","1983","1983","1000 persons","20923.49","X","International reliable sources",""
"OA","Annual population","79","Germany","561","Urban population","3010","Population - Est. & Proj.","1983","1983","1000 persons","56866.59","X","International reliable sources","UNDESA, Population Division – World Urbanization Prospects, the 2018 Revision"
"OA","Annual population","79","Germany","511","Total Population - Both sexes","3010","Population - Est. & Proj.","1984","1984","1000 persons","77682.295","X","International reliable sources",""
"OA","Annual population","79","Germany","512","Total Population - Male","3010","Population - Est. & Proj.","1984","1984","1000 persons","37107.441","X","International reliable sources",""
"OA","Annual population","79","Germany","513","Total Population - Female","3010","Population - Est. & Proj.","1984","1984","1000 persons","40574.852","X","International reliable sources",""
"OA","Annual population","79","Germany","551","Rural population","3010","Population - Est. & Proj.","1984","1984","1000 persons","21024.758","X","International reliable sources",""
"OA","Annual population","79","Germany","561","Urban population","3010","Population - Est. & Proj.","1984","1984","1000 persons","56679.578","X","International reliable sources","UNDESA, Population Division – World Urbanization Prospects, the 2018 Revision"
"OA","Annual population","79","Germany","511","Total Population - Both sexes","3010","Population - Est. & Proj.","1985","1985","1000 persons","77691.595","X","International reliable sources",""
"OA","Annual population","79","Germany","512","Total Population - Male","3010","Population - Est. & Proj.","1985","1985","1000 persons","37151.143","X","International reliable sources",""
"OA","Annual population","79","Germany","513","Total Population - Female","3010","Population - Est. & Proj.","1985","1985","1000 persons","40540.448","X","International reliable sources",""
"OA","Annual population","79","Germany","551","Rural population","3010","Population - Est. & Proj.","1985","1985","1000 persons","21207.998","X","International reliable sources",""
"OA","Annual population","79","Germany","561","Urban population","3010","Population - Est. & Proj.","1985","1985","1000 persons","56509.433","X","International reliable sources","UNDESA, Population Division – World Urbanization Prospects, the 2018 Revision"
"OA","Annual population","79","Germany","511","Total Population - Both sexes","3010","Population - Est. & Proj.","1986","1986","1000 persons","77806.147","X","International reliable sources",""
"OA","Annual population","79","Germany","512","Total Population - Male","3010","Population - Est. & Proj.","1986","1986","1000 persons","37261.929","X","International reliable sources",""
"OA","Annual population","79","Germany","513","Total Population - Female","3010","Population - Est. & Proj.","1986","1986","1000 persons","40544.207","X","International reliable sources",""
"OA","Annual population","79","Germany","551","Rural population","3010","Population - Est. & Proj.","1986","1986","1000 persons","21314.088","X","International reliable sources",""
"OA","Annual population","79","Germany","561","Urban population","3010","Population - Est. & Proj.","1986","1986","1000 persons","56523.412","X","International reliable sources","UNDESA, Population Division – World Urbanization Prospects, the 2018 Revision"
"OA","Annual population","79","Germany","511","Total Population - Both sexes","3010","Population - Est. & Proj.","1987","1987","1000 persons","78015.731","X","International reliable sources",""
"OA","Annual population","79","Germany","512","Total Population - Male","3010","Population - Est. & Proj.","1987","1987","1000 persons","37432.152","X","International reliable sources",""
"OA","Annual population","79","Germany","513","Total Population - Female","3010","Population - Est. & Proj.","1987","1987","1000 persons","40583.59","X","International reliable sources",""
"OA","Annual population","79","Germany","551","Rural population","3010","Population - Est. & Proj.","1987","1987","1000 persons","21202.458","X","International reliable sources",""
"OA","Annual population","79","Germany","561","Urban population","3010","Population - Est. & Proj.","1987","1987","1000 persons","56851.628","X","International reliable sources","UNDESA, Population Division – World Urbanization Prospects, the 2018 Revision"
"OA","Annual population","79","Germany","511","Total Population - Both sexes","3010","Population - Est. & Proj.","1988","1988","1000 persons","78307.525","X","International reliable sources",""
"OA","Annual population","79","Germany","512","Total Population - Male","3010","Population - Est. & Proj.","1988","1988","1000 persons","37648.846","X","International reliable sources",""
"OA","Annual population","79","Germany","513","Total Population - Female","3010","Population - Est. & Proj.","1988","1988","1000 persons","40658.679","X","International reliable sources",""
"OA","Annual population","79","Germany","551","Rural population","3010","Population - Est. & Proj.","1988","1988","1000 persons","21156.286","X","International reliable sources",""
"OA","Annual population","79","Germany","561","Urban population","3010","Population - Est. & Proj.","1988","1988","1000 persons","57197.731","X","International reliable sources","UNDESA, Population Division – World Urbanization Prospects, the 2018 Revision"
"OA","Annual population","79","Germany","511","Total Population - Both sexes","3010","Population - Est. & Proj.","1989","1989","1000 persons","78660.303","X","International reliable sources",""
"OA","Annual population","79","Germany","512","Total Population - Male","3010","Population - Est. & Proj.","1989","1989","1000 persons","37892.194","X","International reliable sources",""
"OA","Annual population","79","Germany","513","Total Population - Female","3010","Population - Est. & Proj.","1989","1989","1000 persons","40768.107","X","International reliable sources",""
"OA","Annual population","79","Germany","551","Rural population","3010","Population - Est. & Proj.","1989","1989","1000 persons","21272.088","X","International reliable sources",""
"OA","Annual population","79","Germany","561","Urban population","3010","Population - Est. & Proj.","1989","1989","1000 persons","57443.522","X","International reliable sources","UNDESA, Population Division – World Urbanization Prospects, the 2018 Revision"
"OA","Annual population","79","Germany","511","Total Population - Both sexes","3010","Population - Est. & Proj.","1990","1990","1000 persons","79053.984","X","International reliable sources",""
"OA","Annual population","79","Germany","512","Total Population - Male","3010","Population - Est. & Proj.","1990","1990","1000 persons","38145.562","X","International reliable sources",""
"OA","Annual population","79","Germany","513","Total Population - Female","3010","Population - Est. & Proj.","1990","1990","1000 persons","40908.422","X","International reliable sources",""
"OA","Annual population","79","Germany","551","Rural population","3010","Population - Est. & Proj.","1990","1990","1000 persons","21268.451","X","International reliable sources",""
"OA","Annual population","79","Germany","561","Urban population","3010","Population - Est. & Proj.","1990","1990","1000 persons","57849.875","X","International reliable sources","UNDESA, Population Division – World Urbanization Prospects, the 2018 Revision"
"OA","Annual population","79","Germany","511","Total Population - Both sexes","3010","Population - Est. & Proj.","1991","1991","1000 persons","79490.835","X","International reliable sources",""
"OA","Annual population","79","Germany","512","Total Population - Male","3010","Population - Est. & Proj.","1991","1991","1000 persons","38407.621","X","International reliable sources",""
"OA","Annual population","79","Germany","513","Total Population - Female","3010","Population - Est. & Proj.","1991","1991","1000 persons","41083.21","X","International reliable sources",""
"OA","Annual population","79","Germany","551","Rural population","3010","Population - Est. & Proj.","1991","1991","1000 persons","21268.586","X","International reliable sources",""
"OA","Annual population","79","Germany","561","Urban population","3010","Population - Est. & Proj.","1991","1991","1000 persons","58295.868","X","International reliable sources","UNDESA, Population Division – World Urbanization Prospects, the 2018 Revision"
"OA","Annual population","79","Germany","511","Total Population - Both sexes","3010","Population - Est. & Proj.","1992","1992","1000 persons","79963.159","X","International reliable sources",""
"OA","Annual population","79","Germany","512","Total Population - Male","3010","Population - Est. & Proj.","1992","1992","1000 persons","38676.689","X","International reliable sources",""
"OA","Annual population","79","Germany","513","Total Population - Female","3010","Population - Est. & Proj.","1992","1992","1000 persons","41286.477","X","International reliable sources",""
"OA","Annual population","79","Germany","551","Rural population","3010","Population - Est. & Proj.","1992","1992","1000 persons","21324.431","X","International reliable sources",""
"OA","Annual population","79","Germany","561","Urban population","3010","Population - Est. & Proj.","1992","1992","1000 persons","58721.726","X","International reliable sources","UNDESA, Population Division – World Urbanization Prospects, the 2018 Revision"
"OA","Annual population","79","Germany","511","Total Population - Both sexes","3010","Population - Est. & Proj.","1993","1993","1000 persons","80428.556","X","International reliable sources",""
"OA","Annual population","79","Germany","512","Total Population - Male","3010","Population - Est. & Proj.","1993","1993","1000 persons","38935.261","X","International reliable sources",""
"OA","Annual population","79","Germany","513","Total Population - Female","3010","Population - Est. & Proj.","1993","1993","1000 persons","41493.296","X","International reliable sources",""
"OA","Annual population","79","Germany","551","Rural population","3010","Population - Est. & Proj.","1993","1993","1000 persons","21340.418","X","International reliable sources",""
"OA","Annual population","79","Germany","561","Urban population","3010","Population - Est. & Proj.","1993","1993","1000 persons","59179.67","X","International reliable sources","UNDESA, Population Division – World Urbanization Prospects, the 2018 Revision"
"OA","Annual population","79","Germany","511","Total Population - Both sexes","3010","Population - Est. & Proj.","1994","1994","1000 persons","80832.937","X","International reliable sources",""
"OA","Annual population","79","Germany","512","Total Population - Male","3010","Population - Est. & Proj.","1994","1994","1000 persons","39162.088","X","International reliable sources",""
"OA","Annual population","79","Germany","513","Total Population - Female","3010","Population - Est. & Proj.","1994","1994","1000 persons","41670.84","X","International reliable sources",""
"OA","Annual population","79","Germany","551","Rural population","3010","Population - Est. & Proj.","1994","1994","1000 persons","21276.902","X","International reliable sources",""
"OA","Annual population","79","Germany","561","Urban population","3010","Population - Est. & Proj.","1994","1994","1000 persons","59654.139","X","International reliable sources","UNDESA, Population Division – World Urbanization Prospects, the 2018 Revision"
"OA","Annual population","79","Germany","511","Total Population - Both sexes","3010","Population - Est. & Proj.","1995","1995","1000 persons","81138.659","X","International reliable sources",""
"OA","Annual population","79","Germany","512","Total Population - Male","3010","Population - Est. & Proj.","1995","1995","1000 persons","39342.538","X","International reliable sources",""
"OA","Annual population","79","Germany","513","Total Population - Female","3010","Population - Est. & Proj.","1995","1995","1000 persons","41796.115","X","International reliable sources",""
"OA","Annual population","79","Germany","551","Rural population","3010","Population - Est. & Proj.","1995","1995","1000 persons","21186.093","X","International reliable sources",""
"OA","Annual population","79","Germany","561","Urban population","3010","Population - Est. & Proj.","1995","1995","1000 persons","60054.511","X","International reliable sources","UNDESA, Population Division – World Urbanization Prospects, the 2018 Revision"
"OA","Annual population","79","Germany","511","Total Population - Both sexes","3010","Population - Est. & Proj.","1996","1996","1000 persons","81323.664","X","International reliable sources",""
"OA","Annual population","79","Germany","512","Total Population - Male","3010","Population - Est. & Proj.","1996","1996","1000 persons","39466.62","X","International reliable sources",""
"OA","Annual population","79","Germany","513","Total Population - Female","3010","Population - Est. & Proj.","1996","1996","1000 persons","41857.046","X","International reliable sources",""
"OA","Annual population","79","Germany","551","Rural population","3010","Population - Est. & Proj.","1996","1996","1000 persons","21062.608","X","International reliable sources",""
"OA","Annual population","79","Germany","561","Urban population","3010","Population - Est. & Proj.","1996","1996","1000 persons","60363.729","X","International reliable sources","UNDESA, Population Division – World Urbanization Prospects, the 2018 Revision"
"OA","Annual population","79","Germany","511","Total Population - Both sexes","3010","Population - Est. & Proj.","1997","1997","1000 persons","81399.251","X","International reliable sources",""
"OA","Annual population","79","Germany","512","Total Population - Male","3010","Population - Est. & Proj.","1997","1997","1000 persons","39538.483","X","International reliable sources",""
"OA","Annual population","79","Germany","513","Total Population - Female","3010","Population - Est. & Proj.","1997","1997","1000 persons","41860.767","X","International reliable sources",""
"OA","Annual population","79","Germany","551","Rural population","3010","Population - Est. & Proj.","1997","1997","1000 persons","20910.931","X","International reliable sources",""
"OA","Annual population","79","Germany","561","Urban population","3010","Population - Est. & Proj.","1997","1997","1000 persons","60588.935","X","International reliable sources","UNDESA, Population Division – World Urbanization Prospects, the 2018 Revision"
"OA","Annual population","79","Germany","511","Total Population - Both sexes","3010","Population - Est. & Proj.","1998","1998","1000 persons","81402.673","X","International reliable sources",""
"OA","Annual population","79","Germany","512","Total Population - Male","3010","Population - Est. & Proj.","1998","1998","1000 persons","39575.444","X","International reliable sources",""
"OA","Annual population","79","Germany","513","Total Population - Female","3010","Population - Est. & Proj.","1998","1998","1000 persons","41827.227","X","International reliable sources",""
"OA","Annual population","79","Germany","551","Rural population","3010","Population - Est. & Proj.","1998","1998","1000 persons","20740.748","X","International reliable sources",""
"OA","Annual population","79","Germany","561","Urban population","3010","Population - Est. & Proj.","1998","1998","1000 persons","60758.484","X","International reliable sources","UNDESA, Population Division – World Urbanization Prospects, the 2018 Revision"
"OA","Annual population","79","Germany","511","Total Population - Both sexes","3010","Population - Est. & Proj.","1999","1999","1000 persons","81389.927","X","International reliable sources",""
"OA","Annual population","79","Germany","512","Total Population - Male","3010","Population - Est. & Proj.","1999","1999","1000 persons","39603.323","X","International reliable sources",""
"OA","Annual population","79","Germany","513","Total Population - Female","3010","Population - Est. & Proj.","1999","1999","1000 persons","41786.612","X","International reliable sources",""
"OA","Annual population","79","Germany","551","Rural population","3010","Population - Est. & Proj.","1999","1999","1000 persons","20567.192","X","International reliable sources",""
"OA","Annual population","79","Germany","561","Urban population","3010","Population - Est. & Proj.","1999","1999","1000 persons","60914.42","X","International reliable sources","UNDESA, Population Division – World Urbanization Prospects, the 2018 Revision"
"OA","Annual population","79","Germany","511","Total Population - Both sexes","3010","Population - Est. & Proj.","2000","2000","1000 persons","81400.882","X","International reliable sources",""
"OA","Annual population","79","Germany","512","Total Population - Male","3010","Population - Est. & Proj.","2000","2000","1000 persons","39640.507","X","International reliable sources",""
"OA","Annual population","79","Germany","513","Total Population - Female","3010","Population - Est. & Proj.","2000","2000","1000 persons","41760.376","X","International reliable sources",""
"OA","Annual population","79","Germany","551","Rural population","3010","Population - Est. & Proj.","2000","2000","1000 persons","20400.344","X","International reliable sources",""
"OA","Annual population","79","Germany","561","Urban population","3010","Population - Est. & Proj.","2000","2000","1000 persons","61087.413","X","International reliable sources","UNDESA, Population Division – World Urbanization Prospects, the 2018 Revision"
"OA","Annual population","79","Germany","511","Total Population - Both sexes","3010","Population - Est. & Proj.","2001","2001","1000 persons","81453.885","X","International reliable sources",""
"OA","Annual population","79","Germany","512","Total Population - Male","3010","Population - Est. & Proj.","2001","2001","1000 persons","39695.906","X","International reliable sources",""
"OA","Annual population","79","Germany","513","Total Population - Female","3010","Population - Est. & Proj.","2001","2001","1000 persons","41757.988","X","International reliable sources",""
"OA","Annual population","79","Germany","551","Rural population","3010","Population - Est. & Proj.","2001","2001","1000 persons","20245.265","X","International reliable sources",""
"OA","Annual population","79","Germany","561","Urban population","3010","Population - Est. & Proj.","2001","2001","1000 persons","61290.583","X","International reliable sources","UNDESA, Population Division – World Urbanization Prospects, the 2018 Revision"
"OA","Annual population","79","Germany","511","Total Population - Both sexes","3010","Population - Est. & Proj.","2002","2002","1000 persons","81535.122","X","International reliable sources",""
"OA","Annual population","79","Germany","512","Total Population - Male","3010","Population - Est. & Proj.","2002","2002","1000 persons","39763.349","X","International reliable sources",""
"OA","Annual population","79","Germany","513","Total Population - Female","3010","Population - Est. & Proj.","2002","2002","1000 persons","41771.775","X","International reliable sources",""
"OA","Annual population","79","Germany","551","Rural population","3010","Population - Est. & Proj.","2002","2002","1000 persons","20097.558","X","International reliable sources",""
"OA","Annual population","79","Germany","561","Urban population","3010","Population - Est. & Proj.","2002","2002","1000 persons","61514.31","X","International reliable sources","UNDESA, Population Division – World Urbanization Prospects, the 2018 Revision"
"OA","Annual population","79","Germany","511","Total Population - Both sexes","3010","Population - Est. & Proj.","2003","2003","1000 persons","81614.38","X","International reliable sources",""
"OA","Annual population","79","Germany","512","Total Population - Male","3010","Population - Est. & Proj.","2003","2003","1000 persons","39828.458","X","International reliable sources",""
"OA","Annual population","79","Germany","513","Total Population - Female","3010","Population - Est. & Proj.","2003","2003","1000 persons","41785.913","X","International reliable sources",""
"OA","Annual population","79","Germany","551","Rural population","3010","Population - Est. & Proj.","2003","2003","1000 persons","19950.126","X","International reliable sources",""
"OA","Annual population","79","Germany","561","Urban population","3010","Population - Est. & Proj.","2003","2003","1000 persons","61736.369","X","International reliable sources","UNDESA, Population Division – World Urbanization Prospects, the 2018 Revision"
"OA","Annual population","79","Germany","511","Total Population - Both sexes","3010","Population - Est. & Proj.","2004","2004","1000 persons","81646.474","X","International reliable sources",""
"OA","Annual population","79","Germany","512","Total Population - Male","3010","Population - Est. & Proj.","2004","2004","1000 persons","39869.687","X","International reliable sources",""
"OA","Annual population","79","Germany","513","Total Population - Female","3010","Population - Est. & Proj.","2004","2004","1000 persons","41776.787","X","International reliable sources",""
"OA","Annual population","79","Germany","551","Rural population","3010","Population - Est. & Proj.","2004","2004","1000 persons","19792.081","X","International reliable sources",""
"OA","Annual population","79","Germany","561","Urban population","3010","Population - Est. & Proj.","2004","2004","1000 persons","61923.578","X","International reliable sources","UNDESA, Population Division – World Urbanization Prospects, the 2018 Revision"
"OA","Annual population","79","Germany","511","Total Population - Both sexes","3010","Population - Est. & Proj.","2005","2005","1000 persons","81602.741","X","International reliable sources",""
"OA","Annual population","79","Germany","512","Total Population - Male","3010","Population - Est. & Proj.","2005","2005","1000 persons","39873.471","X","International reliable sources",""
"OA","Annual population","79","Germany","513","Total Population - Female","3010","Population - Est. & Proj.","2005","2005","1000 persons","41729.268","X","International reliable sources",""
"OA","Annual population","79","Germany","551","Rural population","3010","Population - Est. & Proj.","2005","2005","1000 persons","19617.625","X","International reliable sources",""
"OA","Annual population","79","Germany","561","Urban population","3010","Population - Est. & Proj.","2005","2005","1000 persons","62053.609","X","International reliable sources","UNDESA, Population Division – World Urbanization Prospects, the 2018 Revision"
"OA","Annual population","79","Germany","511","Total Population - Both sexes","3010","Population - Est. & Proj.","2006","2006","1000 persons","81472.226","X","International reliable sources",""
"OA","Annual population","79","Germany","512","Total Population - Male","3010","Population - Est. & Proj.","2006","2006","1000 persons","39834.754","X","International reliable sources",""
"OA","Annual population","79","Germany","513","Total Population - Female","3010","Population - Est. & Proj.","2006","2006","1000 persons","41637.481","X","International reliable sources",""
"OA","Annual population","79","Germany","551","Rural population","3010","Population - Est. & Proj.","2006","2006","1000 persons","19423.458","X","International reliable sources",""
"OA","Annual population","79","Germany","561","Urban population","3010","Population - Est. & Proj.","2006","2006","1000 persons","62116.895","X","International reliable sources","UNDESA, Population Division – World Urbanization Prospects, the 2018 Revision"
"OA","Annual population","79","Germany","511","Total Population - Both sexes","3010","Population - Est. & Proj.","2007","2007","1000 persons","81277.83","X","International reliable sources",""
"OA","Annual population","79","Germany","512","Total Population - Male","3010","Population - Est. & Proj.","2007","2007","1000 persons","39764.776","X","International reliable sources",""
"OA","Annual population","79","Germany","513","Total Population - Female","3010","Population - Est. & Proj.","2007","2007","1000 persons","41513.06","X","International reliable sources",""
"OA","Annual population","79","Germany","551","Rural population","3010","Population - Est. & Proj.","2007","2007","1000 persons","19215.385","X","International reliable sources",""
"OA","Annual population","79","Germany","561","Urban population","3010","Population - Est. & Proj.","2007","2007","1000 persons","62129.072","X","International reliable sources","UNDESA, Population Division – World Urbanization Prospects, the 2018 Revision"
"OA","Annual population","79","Germany","511","Total Population - Both sexes","3010","Population - Est. & Proj.","2008","2008","1000 persons","81065.752","X","International reliable sources",""
"OA","Annual population","79","Germany","512","Total Population - Male","3010","Population - Est. & Proj.","2008","2008","1000 persons","39686.094","X","International reliable sources",""
"OA","Annual population","79","Germany","513","Total Population - Female","3010","Population - Est. & Proj.","2008","2008","1000 persons","41379.657","X","International reliable sources",""
"OA","Annual population","79","Germany","551","Rural population","3010","Population - Est. & Proj.","2008","2008","1000 persons","19004.672","X","International reliable sources",""
"OA","Annual population","79","Germany","561","Urban population","3010","Population - Est. & Proj.","2008","2008","1000 persons","62126.272","X","International reliable sources","UNDESA, Population Division – World Urbanization Prospects, the 2018 Revision"
"OA","Annual population","79","Germany","511","Total Population - Both sexes","3010","Population - Est. & Proj.","2009","2009","1000 persons","80899.961","X","International reliable sources",""
"OA","Annual population","79","Germany","512","Total Population - Male","3010","Population - Est. & Proj.","2009","2009","1000 persons","39629.844","X","International reliable sources",""
"OA","Annual population","79","Germany","513","Total Population - Female","3010","Population - Est. & Proj.","2009","2009","1000 persons","41270.117","X","International reliable sources",""
"OA","Annual population","79","Germany","551","Rural population","3010","Population - Est. & Proj.","2009","2009","1000 persons","18807.36","X","International reliable sources",""
"OA","Annual population","79","Germany","561","Urban population","3010","Population - Est. & Proj.","2009","2009","1000 persons","62158.252","X","International reliable sources","UNDESA, Population Division – World Urbanization Prospects, the 2018 Revision"
"OA","Annual population","79","Germany","511","Total Population - Both sexes","3010","Population - Est. & Proj.","2010","2010","1000 persons","80827.002","X","International reliable sources",""
"OA","Annual population","79","Germany","512","Total Population - Male","3010","Population - Est. & Proj.","2010","2010","1000 persons","39618.814","X","International reliable sources",""
"OA","Annual population","79","Germany","513","Total Population - Female","3010","Population - Est. & Proj.","2010","2010","1000 persons","41208.187","X","International reliable sources",""
"OA","Annual population","79","Germany","551","Rural population","3010","Population - Est. & Proj.","2010","2010","1000 persons","18633.173","X","International reliable sources",""
"OA","Annual population","79","Germany","561","Urban population","3010","Population - Est. & Proj.","2010","2010","1000 persons","62261.612","X","International reliable sources","UNDESA, Population Division – World Urbanization Prospects, the 2018 Revision"
"OA","Annual population","79","Germany","511","Total Population - Both sexes","3010","Population - Est. & Proj.","2011","2011","1000 persons","80855.632","X","International reliable sources",""
"OA","Annual population","79","Germany","512","Total Population - Male","3010","Population - Est. & Proj.","2011","2011","1000 persons","39656.764","X","International reliable sources",""
"OA","Annual population","79","Germany","513","Total Population - Female","3010","Population - Est. & Proj.","2011","2011","1000 persons","41198.865","X","International reliable sources",""
"OA","Annual population","79","Germany","551","Rural population","3010","Population - Est. & Proj.","2011","2011","1000 persons","18485.321","X","International reliable sources",""
"OA","Annual population","79","Germany","561","Urban population","3010","Population - Est. & Proj.","2011","2011","1000 persons","62448.659","X","International reliable sources","UNDESA, Population Division – World Urbanization Prospects, the 2018 Revision"
"OA","Annual population","79","Germany","511","Total Population - Both sexes","3010","Population - Est. & Proj.","2012","2012","1000 persons","80972.628","X","International reliable sources",""
"OA","Annual population","79","Germany","512","Total Population - Male","3010","Population - Est. & Proj.","2012","2012","1000 persons","39737.57","X","International reliable sources",""
"OA","Annual population","79","Germany","513","Total Population - Female","3010","Population - Est. & Proj.","2012","2012","1000 persons","41235.059","X","International reliable sources",""
"OA","Annual population","79","Germany","551","Rural population","3010","Population - Est. & Proj.","2012","2012","1000 persons","18507.405","X","International reliable sources",""
"OA","Annual population","79","Germany","561","Urban population","3010","Population - Est. & Proj.","2012","2012","1000 persons","62558.823","X","International reliable sources","UNDESA, Population Division – World Urbanization Prospects, the 2018 Revision"
"OA","Annual population","79","Germany","511","Total Population - Both sexes","3010","Population - Est. & Proj.","2013","2013","1000 persons","81174.367","X","International reliable sources",""
"OA","Annual population","79","Germany","512","Total Population - Male","3010","Population - Est. & Proj.","2013","2013","1000 persons","39861.298","X","International reliable sources",""
"OA","Annual population","79","Germany","513","Total Population - Female","3010","Population - Est. & Proj.","2013","2013","1000 persons","41313.075","X","International reliable sources",""
"OA","Annual population","79","Germany","551","Rural population","3010","Population - Est. & Proj.","2013","2013","1000 persons","18544.7","X","International reliable sources",""
"OA","Annual population","79","Germany","561","Urban population","3010","Population - Est. & Proj.","2013","2013","1000 persons","62720.439","X","International reliable sources","UNDESA, Population Division – World Urbanization Prospects, the 2018 Revision"
"OA","Annual population","79","Germany","511","Total Population - Both sexes","3010","Population - Est. & Proj.","2014","2014","1000 persons","81450.378","X","International reliable sources",""
"OA","Annual population","79","Germany","512","Total Population - Male","3010","Population - Est. & Proj.","2014","2014","1000 persons","40025.296","X","International reliable sources",""
"OA","Annual population","79","Germany","513","Total Population - Female","3010","Population - Est. & Proj.","2014","2014","1000 persons","41425.074","X","International reliable sources",""
"OA","Annual population","79","Germany","551","Rural population","3010","Population - Est. & Proj.","2014","2014","1000 persons","18587.788","X","International reliable sources",""
"OA","Annual population","79","Germany","561","Urban population","3010","Population - Est. & Proj.","2014","2014","1000 persons","62901.872","X","International reliable sources","UNDESA, Population Division – World Urbanization Prospects, the 2018 Revision"
"OA","Annual population","79","Germany","511","Total Population - Both sexes","3010","Population - Est. & Proj.","2015","2015","1000 persons","81787.411","X","International reliable sources",""
"OA","Annual population","79","Germany","512","Total Population - Male","3010","Population - Est. & Proj.","2015","2015","1000 persons","40224.576","X","International reliable sources",""
"OA","Annual population","79","Germany","513","Total Population - Female","3010","Population - Est. & Proj.","2015","2015","1000 persons","41562.835","X","International reliable sources",""
"OA","Annual population","79","Germany","551","Rural population","3010","Population - Est. & Proj.","2015","2015","1000 persons","18629.376","X","International reliable sources",""
"OA","Annual population","79","Germany","561","Urban population","3010","Population - Est. & Proj.","2015","2015","1000 persons","63078.413","X","International reliable sources","UNDESA, Population Division – World Urbanization Prospects, the 2018 Revision"
"OA","Annual population","79","Germany","511","Total Population - Both sexes","3010","Population - Est. & Proj.","2016","2016","1000 persons","82193.768","X","International reliable sources",""
"OA","Annual population","79","Germany","512","Total Population - Male","3010","Population - Est. & Proj.","2016","2016","1000 persons","40464.282","X","International reliable sources",""
"OA","Annual population","79","Germany","513","Total Population - Female","3010","Population - Est. & Proj.","2016","2016","1000 persons","41729.488","X","International reliable sources",""
"OA","Annual population","79","Germany","551","Rural population","3010","Population - Est. & Proj.","2016","2016","1000 persons","18657.193","X","International reliable sources",""
"OA","Annual population","79","Germany","561","Urban population","3010","Population - Est. & Proj.","2016","2016","1000 persons","63257.479","X","International reliable sources","UNDESA, Population Division – World Urbanization Prospects, the 2018 Revision"
"OA","Annual population","79","Germany","511","Total Population - Both sexes","3010","Population - Est. & Proj.","2017","2017","1000 persons","82658.409","X","International reliable sources",""
"OA","Annual population","79","Germany","512","Total Population - Male","3010","Population - Est. & Proj.","2017","2017","1000 persons","40737.725","X","International reliable sources",""
"OA","Annual population","79","Germany","513","Total Population - Female","3010","Population - Est. & Proj.","2017","2017","1000 persons","41920.684","X","International reliable sources",""
"OA","Annual population","79","Germany","551","Rural population","3010","Population - Est. & Proj.","2017","2017","1000 persons","18672.1","X","International reliable sources",""
"OA","Annual population","79","Germany","561","Urban population","3010","Population - Est. & Proj.","2017","2017","1000 persons","63442.124","X","International reliable sources","UNDESA, Population Division – World Urbanization Prospects, the 2018 Revision"
"OA","Annual population","79","Germany","511","Total Population - Both sexes","3010","Population - Est. & Proj.","2018","2018","1000 persons","83124.418","X","International reliable sources",""
"OA","Annual population","79","Germany","512","Total Population - Male","3010","Population - Est. & Proj.","2018","2018","1000 persons","41013.28","X","International reliable sources",""
"OA","Annual population","79","Germany","513","Total Population - Female","3010","Population - Est. & Proj.","2018","2018","1000 persons","42111.133","X","International reliable sources",""
"OA","Annual population","79","Germany","551","Rural population","3010","Population - Est. & Proj.","2018","2018","1000 persons","18671.111","X","International reliable sources",""
"OA","Annual population","79","Germany","561","Urban population","3010","Population - Est. & Proj.","2018","2018","1000 persons","63622.346","X","International reliable sources","UNDESA, Population Division – World Urbanization Prospects, the 2018 Revision"
