Domain Code,Domain,Country Code,Country,Element Code,Element,Item Code,Item,Year Code,Year,Unit,Value,Flag,Flag Description
"FBS","Food Balance Sheets","79","Germany","664","Food supply (kcal/capita/day)","2901","Grand Total","1961","1961","kcal/capita/day","2855","Fc","Calculated data"
"FBS","Food Balance Sheets","79","Germany","664","Food supply (kcal/capita/day)","2909","Sugar & Sweeteners","1961","1961","kcal/capita/day","336","Fc","Calculated data"
"FBS","Food Balance Sheets","79","Germany","664","Food supply (kcal/capita/day)","2914","Vegetable Oils","1961","1961","kcal/capita/day","252","Fc","Calculated data"
"FBS","Food Balance Sheets","79","Germany","664","Food supply (kcal/capita/day)","2918","Vegetables","1961","1961","kcal/capita/day","31","Fc","Calculated data"
"FBS","Food Balance Sheets","79","Germany","664","Food supply (kcal/capita/day)","2919","Fruits - Excluding Wine","1961","1961","kcal/capita/day","108","Fc","Calculated data"
"FBS","Food Balance Sheets","79","Germany","664","Food supply (kcal/capita/day)","2924","Alcoholic Beverages","1961","1961","kcal/capita/day","162","Fc","Calculated data"
"FBS","Food Balance Sheets","79","Germany","664","Food supply (kcal/capita/day)","2941","Animal Products","1961","1961","kcal/capita/day","923","Fc","Calculated data"
"FBS","Food Balance Sheets","79","Germany","664","Food supply (kcal/capita/day)","2943","Meat","1961","1961","kcal/capita/day","262","Fc","Calculated data"
"FBS","Food Balance Sheets","79","Germany","664","Food supply (kcal/capita/day)","2946","Animal fats","1961","1961","kcal/capita/day","346","Fc","Calculated data"
"FBS","Food Balance Sheets","79","Germany","664","Food supply (kcal/capita/day)","2948","Milk - Excluding Butter","1961","1961","kcal/capita/day","232","Fc","Calculated data"
"FBS","Food Balance Sheets","79","Germany","664","Food supply (kcal/capita/day)","2960","Fish, Seafood","1961","1961","kcal/capita/day","22","Fc","Calculated data"
"FBS","Food Balance Sheets","79","Germany","664","Food supply (kcal/capita/day)","2901","Grand Total","1962","1962","kcal/capita/day","2915","Fc","Calculated data"
"FBS","Food Balance Sheets","79","Germany","664","Food supply (kcal/capita/day)","2909","Sugar & Sweeteners","1962","1962","kcal/capita/day","333","Fc","Calculated data"
"FBS","Food Balance Sheets","79","Germany","664","Food supply (kcal/capita/day)","2914","Vegetable Oils","1962","1962","kcal/capita/day","270","Fc","Calculated data"
"FBS","Food Balance Sheets","79","Germany","664","Food supply (kcal/capita/day)","2918","Vegetables","1962","1962","kcal/capita/day","32","Fc","Calculated data"
"FBS","Food Balance Sheets","79","Germany","664","Food supply (kcal/capita/day)","2919","Fruits - Excluding Wine","1962","1962","kcal/capita/day","120","Fc","Calculated data"
"FBS","Food Balance Sheets","79","Germany","664","Food supply (kcal/capita/day)","2924","Alcoholic Beverages","1962","1962","kcal/capita/day","175","Fc","Calculated data"
"FBS","Food Balance Sheets","79","Germany","664","Food supply (kcal/capita/day)","2941","Animal Products","1962","1962","kcal/capita/day","932","Fc","Calculated data"
"FBS","Food Balance Sheets","79","Germany","664","Food supply (kcal/capita/day)","2943","Meat","1962","1962","kcal/capita/day","262","Fc","Calculated data"
"FBS","Food Balance Sheets","79","Germany","664","Food supply (kcal/capita/day)","2946","Animal fats","1962","1962","kcal/capita/day","352","Fc","Calculated data"
"FBS","Food Balance Sheets","79","Germany","664","Food supply (kcal/capita/day)","2948","Milk - Excluding Butter","1962","1962","kcal/capita/day","236","Fc","Calculated data"
"FBS","Food Balance Sheets","79","Germany","664","Food supply (kcal/capita/day)","2960","Fish, Seafood","1962","1962","kcal/capita/day","23","Fc","Calculated data"
"FBS","Food Balance Sheets","79","Germany","664","Food supply (kcal/capita/day)","2901","Grand Total","1963","1963","kcal/capita/day","2899","Fc","Calculated data"
"FBS","Food Balance Sheets","79","Germany","664","Food supply (kcal/capita/day)","2909","Sugar & Sweeteners","1963","1963","kcal/capita/day","338","Fc","Calculated data"
"FBS","Food Balance Sheets","79","Germany","664","Food supply (kcal/capita/day)","2914","Vegetable Oils","1963","1963","kcal/capita/day","260","Fc","Calculated data"
"FBS","Food Balance Sheets","79","Germany","664","Food supply (kcal/capita/day)","2918","Vegetables","1963","1963","kcal/capita/day","36","Fc","Calculated data"
"FBS","Food Balance Sheets","79","Germany","664","Food supply (kcal/capita/day)","2919","Fruits - Excluding Wine","1963","1963","kcal/capita/day","125","Fc","Calculated data"
"FBS","Food Balance Sheets","79","Germany","664","Food supply (kcal/capita/day)","2924","Alcoholic Beverages","1963","1963","kcal/capita/day","187","Fc","Calculated data"
"FBS","Food Balance Sheets","79","Germany","664","Food supply (kcal/capita/day)","2941","Animal Products","1963","1963","kcal/capita/day","940","Fc","Calculated data"
"FBS","Food Balance Sheets","79","Germany","664","Food supply (kcal/capita/day)","2943","Meat","1963","1963","kcal/capita/day","261","Fc","Calculated data"
"FBS","Food Balance Sheets","79","Germany","664","Food supply (kcal/capita/day)","2946","Animal fats","1963","1963","kcal/capita/day","357","Fc","Calculated data"
"FBS","Food Balance Sheets","79","Germany","664","Food supply (kcal/capita/day)","2948","Milk - Excluding Butter","1963","1963","kcal/capita/day","239","Fc","Calculated data"
"FBS","Food Balance Sheets","79","Germany","664","Food supply (kcal/capita/day)","2960","Fish, Seafood","1963","1963","kcal/capita/day","24","Fc","Calculated data"
"FBS","Food Balance Sheets","79","Germany","664","Food supply (kcal/capita/day)","2901","Grand Total","1964","1964","kcal/capita/day","2983","Fc","Calculated data"
"FBS","Food Balance Sheets","79","Germany","664","Food supply (kcal/capita/day)","2909","Sugar & Sweeteners","1964","1964","kcal/capita/day","351","Fc","Calculated data"
"FBS","Food Balance Sheets","79","Germany","664","Food supply (kcal/capita/day)","2914","Vegetable Oils","1964","1964","kcal/capita/day","270","Fc","Calculated data"
"FBS","Food Balance Sheets","79","Germany","664","Food supply (kcal/capita/day)","2918","Vegetables","1964","1964","kcal/capita/day","33","Fc","Calculated data"
"FBS","Food Balance Sheets","79","Germany","664","Food supply (kcal/capita/day)","2919","Fruits - Excluding Wine","1964","1964","kcal/capita/day","111","Fc","Calculated data"
"FBS","Food Balance Sheets","79","Germany","664","Food supply (kcal/capita/day)","2924","Alcoholic Beverages","1964","1964","kcal/capita/day","203","Fc","Calculated data"
"FBS","Food Balance Sheets","79","Germany","664","Food supply (kcal/capita/day)","2941","Animal Products","1964","1964","kcal/capita/day","943","Fc","Calculated data"
"FBS","Food Balance Sheets","79","Germany","664","Food supply (kcal/capita/day)","2943","Meat","1964","1964","kcal/capita/day","270","Fc","Calculated data"
"FBS","Food Balance Sheets","79","Germany","664","Food supply (kcal/capita/day)","2946","Animal fats","1964","1964","kcal/capita/day","356","Fc","Calculated data"
"FBS","Food Balance Sheets","79","Germany","664","Food supply (kcal/capita/day)","2948","Milk - Excluding Butter","1964","1964","kcal/capita/day","231","Fc","Calculated data"
"FBS","Food Balance Sheets","79","Germany","664","Food supply (kcal/capita/day)","2960","Fish, Seafood","1964","1964","kcal/capita/day","24","Fc","Calculated data"
"FBS","Food Balance Sheets","79","Germany","664","Food supply (kcal/capita/day)","2901","Grand Total","1965","1965","kcal/capita/day","3012","Fc","Calculated data"
"FBS","Food Balance Sheets","79","Germany","664","Food supply (kcal/capita/day)","2909","Sugar & Sweeteners","1965","1965","kcal/capita/day","338","Fc","Calculated data"
"FBS","Food Balance Sheets","79","Germany","664","Food supply (kcal/capita/day)","2914","Vegetable Oils","1965","1965","kcal/capita/day","280","Fc","Calculated data"
"FBS","Food Balance Sheets","79","Germany","664","Food supply (kcal/capita/day)","2918","Vegetables","1965","1965","kcal/capita/day","32","Fc","Calculated data"
"FBS","Food Balance Sheets","79","Germany","664","Food supply (kcal/capita/day)","2919","Fruits - Excluding Wine","1965","1965","kcal/capita/day","116","Fc","Calculated data"
"FBS","Food Balance Sheets","79","Germany","664","Food supply (kcal/capita/day)","2924","Alcoholic Beverages","1965","1965","kcal/capita/day","208","Fc","Calculated data"
"FBS","Food Balance Sheets","79","Germany","664","Food supply (kcal/capita/day)","2941","Animal Products","1965","1965","kcal/capita/day","948","Fc","Calculated data"
"FBS","Food Balance Sheets","79","Germany","664","Food supply (kcal/capita/day)","2943","Meat","1965","1965","kcal/capita/day","276","Fc","Calculated data"
"FBS","Food Balance Sheets","79","Germany","664","Food supply (kcal/capita/day)","2946","Animal fats","1965","1965","kcal/capita/day","354","Fc","Calculated data"
"FBS","Food Balance Sheets","79","Germany","664","Food supply (kcal/capita/day)","2948","Milk - Excluding Butter","1965","1965","kcal/capita/day","233","Fc","Calculated data"
"FBS","Food Balance Sheets","79","Germany","664","Food supply (kcal/capita/day)","2960","Fish, Seafood","1965","1965","kcal/capita/day","24","Fc","Calculated data"
"FBS","Food Balance Sheets","79","Germany","664","Food supply (kcal/capita/day)","2901","Grand Total","1966","1966","kcal/capita/day","3012","Fc","Calculated data"
"FBS","Food Balance Sheets","79","Germany","664","Food supply (kcal/capita/day)","2909","Sugar & Sweeteners","1966","1966","kcal/capita/day","353","Fc","Calculated data"
"FBS","Food Balance Sheets","79","Germany","664","Food supply (kcal/capita/day)","2914","Vegetable Oils","1966","1966","kcal/capita/day","269","Fc","Calculated data"
"FBS","Food Balance Sheets","79","Germany","664","Food supply (kcal/capita/day)","2918","Vegetables","1966","1966","kcal/capita/day","37","Fc","Calculated data"
"FBS","Food Balance Sheets","79","Germany","664","Food supply (kcal/capita/day)","2919","Fruits - Excluding Wine","1966","1966","kcal/capita/day","126","Fc","Calculated data"
"FBS","Food Balance Sheets","79","Germany","664","Food supply (kcal/capita/day)","2924","Alcoholic Beverages","1966","1966","kcal/capita/day","211","Fc","Calculated data"
"FBS","Food Balance Sheets","79","Germany","664","Food supply (kcal/capita/day)","2941","Animal Products","1966","1966","kcal/capita/day","945","Fc","Calculated data"
"FBS","Food Balance Sheets","79","Germany","664","Food supply (kcal/capita/day)","2943","Meat","1966","1966","kcal/capita/day","279","Fc","Calculated data"
"FBS","Food Balance Sheets","79","Germany","664","Food supply (kcal/capita/day)","2946","Animal fats","1966","1966","kcal/capita/day","353","Fc","Calculated data"
"FBS","Food Balance Sheets","79","Germany","664","Food supply (kcal/capita/day)","2948","Milk - Excluding Butter","1966","1966","kcal/capita/day","226","Fc","Calculated data"
"FBS","Food Balance Sheets","79","Germany","664","Food supply (kcal/capita/day)","2960","Fish, Seafood","1966","1966","kcal/capita/day","23","Fc","Calculated data"
"FBS","Food Balance Sheets","79","Germany","664","Food supply (kcal/capita/day)","2901","Grand Total","1967","1967","kcal/capita/day","3004","Fc","Calculated data"
"FBS","Food Balance Sheets","79","Germany","664","Food supply (kcal/capita/day)","2909","Sugar & Sweeteners","1967","1967","kcal/capita/day","343","Fc","Calculated data"
"FBS","Food Balance Sheets","79","Germany","664","Food supply (kcal/capita/day)","2914","Vegetable Oils","1967","1967","kcal/capita/day","272","Fc","Calculated data"
"FBS","Food Balance Sheets","79","Germany","664","Food supply (kcal/capita/day)","2918","Vegetables","1967","1967","kcal/capita/day","36","Fc","Calculated data"
"FBS","Food Balance Sheets","79","Germany","664","Food supply (kcal/capita/day)","2919","Fruits - Excluding Wine","1967","1967","kcal/capita/day","129","Fc","Calculated data"
"FBS","Food Balance Sheets","79","Germany","664","Food supply (kcal/capita/day)","2924","Alcoholic Beverages","1967","1967","kcal/capita/day","212","Fc","Calculated data"
"FBS","Food Balance Sheets","79","Germany","664","Food supply (kcal/capita/day)","2941","Animal Products","1967","1967","kcal/capita/day","966","Fc","Calculated data"
"FBS","Food Balance Sheets","79","Germany","664","Food supply (kcal/capita/day)","2943","Meat","1967","1967","kcal/capita/day","286","Fc","Calculated data"
"FBS","Food Balance Sheets","79","Germany","664","Food supply (kcal/capita/day)","2946","Animal fats","1967","1967","kcal/capita/day","359","Fc","Calculated data"
"FBS","Food Balance Sheets","79","Germany","664","Food supply (kcal/capita/day)","2948","Milk - Excluding Butter","1967","1967","kcal/capita/day","233","Fc","Calculated data"
"FBS","Food Balance Sheets","79","Germany","664","Food supply (kcal/capita/day)","2960","Fish, Seafood","1967","1967","kcal/capita/day","23","Fc","Calculated data"
"FBS","Food Balance Sheets","79","Germany","664","Food supply (kcal/capita/day)","2901","Grand Total","1968","1968","kcal/capita/day","3062","Fc","Calculated data"
"FBS","Food Balance Sheets","79","Germany","664","Food supply (kcal/capita/day)","2909","Sugar & Sweeteners","1968","1968","kcal/capita/day","365","Fc","Calculated data"
"FBS","Food Balance Sheets","79","Germany","664","Food supply (kcal/capita/day)","2914","Vegetable Oils","1968","1968","kcal/capita/day","272","Fc","Calculated data"
"FBS","Food Balance Sheets","79","Germany","664","Food supply (kcal/capita/day)","2918","Vegetables","1968","1968","kcal/capita/day","34","Fc","Calculated data"
"FBS","Food Balance Sheets","79","Germany","664","Food supply (kcal/capita/day)","2919","Fruits - Excluding Wine","1968","1968","kcal/capita/day","146","Fc","Calculated data"
"FBS","Food Balance Sheets","79","Germany","664","Food supply (kcal/capita/day)","2924","Alcoholic Beverages","1968","1968","kcal/capita/day","222","Fc","Calculated data"
"FBS","Food Balance Sheets","79","Germany","664","Food supply (kcal/capita/day)","2941","Animal Products","1968","1968","kcal/capita/day","990","Fc","Calculated data"
"FBS","Food Balance Sheets","79","Germany","664","Food supply (kcal/capita/day)","2943","Meat","1968","1968","kcal/capita/day","303","Fc","Calculated data"
"FBS","Food Balance Sheets","79","Germany","664","Food supply (kcal/capita/day)","2946","Animal fats","1968","1968","kcal/capita/day","366","Fc","Calculated data"
"FBS","Food Balance Sheets","79","Germany","664","Food supply (kcal/capita/day)","2948","Milk - Excluding Butter","1968","1968","kcal/capita/day","231","Fc","Calculated data"
"FBS","Food Balance Sheets","79","Germany","664","Food supply (kcal/capita/day)","2960","Fish, Seafood","1968","1968","kcal/capita/day","23","Fc","Calculated data"
"FBS","Food Balance Sheets","79","Germany","664","Food supply (kcal/capita/day)","2901","Grand Total","1969","1969","kcal/capita/day","3043","Fc","Calculated data"
"FBS","Food Balance Sheets","79","Germany","664","Food supply (kcal/capita/day)","2909","Sugar & Sweeteners","1969","1969","kcal/capita/day","358","Fc","Calculated data"
"FBS","Food Balance Sheets","79","Germany","664","Food supply (kcal/capita/day)","2914","Vegetable Oils","1969","1969","kcal/capita/day","263","Fc","Calculated data"
"FBS","Food Balance Sheets","79","Germany","664","Food supply (kcal/capita/day)","2918","Vegetables","1969","1969","kcal/capita/day","36","Fc","Calculated data"
"FBS","Food Balance Sheets","79","Germany","664","Food supply (kcal/capita/day)","2919","Fruits - Excluding Wine","1969","1969","kcal/capita/day","135","Fc","Calculated data"
"FBS","Food Balance Sheets","79","Germany","664","Food supply (kcal/capita/day)","2924","Alcoholic Beverages","1969","1969","kcal/capita/day","235","Fc","Calculated data"
"FBS","Food Balance Sheets","79","Germany","664","Food supply (kcal/capita/day)","2941","Animal Products","1969","1969","kcal/capita/day","997","Fc","Calculated data"
"FBS","Food Balance Sheets","79","Germany","664","Food supply (kcal/capita/day)","2943","Meat","1969","1969","kcal/capita/day","305","Fc","Calculated data"
"FBS","Food Balance Sheets","79","Germany","664","Food supply (kcal/capita/day)","2946","Animal fats","1969","1969","kcal/capita/day","364","Fc","Calculated data"
"FBS","Food Balance Sheets","79","Germany","664","Food supply (kcal/capita/day)","2948","Milk - Excluding Butter","1969","1969","kcal/capita/day","233","Fc","Calculated data"
"FBS","Food Balance Sheets","79","Germany","664","Food supply (kcal/capita/day)","2960","Fish, Seafood","1969","1969","kcal/capita/day","25","Fc","Calculated data"
"FBS","Food Balance Sheets","79","Germany","664","Food supply (kcal/capita/day)","2901","Grand Total","1970","1970","kcal/capita/day","3101","Fc","Calculated data"
"FBS","Food Balance Sheets","79","Germany","664","Food supply (kcal/capita/day)","2909","Sugar & Sweeteners","1970","1970","kcal/capita/day","376","Fc","Calculated data"
"FBS","Food Balance Sheets","79","Germany","664","Food supply (kcal/capita/day)","2914","Vegetable Oils","1970","1970","kcal/capita/day","265","Fc","Calculated data"
"FBS","Food Balance Sheets","79","Germany","664","Food supply (kcal/capita/day)","2918","Vegetables","1970","1970","kcal/capita/day","40","Fc","Calculated data"
"FBS","Food Balance Sheets","79","Germany","664","Food supply (kcal/capita/day)","2919","Fruits - Excluding Wine","1970","1970","kcal/capita/day","132","Fc","Calculated data"
"FBS","Food Balance Sheets","79","Germany","664","Food supply (kcal/capita/day)","2924","Alcoholic Beverages","1970","1970","kcal/capita/day","255","Fc","Calculated data"
"FBS","Food Balance Sheets","79","Germany","664","Food supply (kcal/capita/day)","2941","Animal Products","1970","1970","kcal/capita/day","1028","Fc","Calculated data"
"FBS","Food Balance Sheets","79","Germany","664","Food supply (kcal/capita/day)","2943","Meat","1970","1970","kcal/capita/day","322","Fc","Calculated data"
"FBS","Food Balance Sheets","79","Germany","664","Food supply (kcal/capita/day)","2946","Animal fats","1970","1970","kcal/capita/day","370","Fc","Calculated data"
"FBS","Food Balance Sheets","79","Germany","664","Food supply (kcal/capita/day)","2948","Milk - Excluding Butter","1970","1970","kcal/capita/day","238","Fc","Calculated data"
"FBS","Food Balance Sheets","79","Germany","664","Food supply (kcal/capita/day)","2960","Fish, Seafood","1970","1970","kcal/capita/day","24","Fc","Calculated data"
"FBS","Food Balance Sheets","79","Germany","664","Food supply (kcal/capita/day)","2901","Grand Total","1971","1971","kcal/capita/day","3109","Fc","Calculated data"
"FBS","Food Balance Sheets","79","Germany","664","Food supply (kcal/capita/day)","2909","Sugar & Sweeteners","1971","1971","kcal/capita/day","383","Fc","Calculated data"
"FBS","Food Balance Sheets","79","Germany","664","Food supply (kcal/capita/day)","2914","Vegetable Oils","1971","1971","kcal/capita/day","277","Fc","Calculated data"
"FBS","Food Balance Sheets","79","Germany","664","Food supply (kcal/capita/day)","2918","Vegetables","1971","1971","kcal/capita/day","39","Fc","Calculated data"
"FBS","Food Balance Sheets","79","Germany","664","Food supply (kcal/capita/day)","2919","Fruits - Excluding Wine","1971","1971","kcal/capita/day","132","Fc","Calculated data"
"FBS","Food Balance Sheets","79","Germany","664","Food supply (kcal/capita/day)","2924","Alcoholic Beverages","1971","1971","kcal/capita/day","261","Fc","Calculated data"
"FBS","Food Balance Sheets","79","Germany","664","Food supply (kcal/capita/day)","2941","Animal Products","1971","1971","kcal/capita/day","1022","Fc","Calculated data"
"FBS","Food Balance Sheets","79","Germany","664","Food supply (kcal/capita/day)","2943","Meat","1971","1971","kcal/capita/day","338","Fc","Calculated data"
"FBS","Food Balance Sheets","79","Germany","664","Food supply (kcal/capita/day)","2946","Animal fats","1971","1971","kcal/capita/day","351","Fc","Calculated data"
"FBS","Food Balance Sheets","79","Germany","664","Food supply (kcal/capita/day)","2948","Milk - Excluding Butter","1971","1971","kcal/capita/day","235","Fc","Calculated data"
"FBS","Food Balance Sheets","79","Germany","664","Food supply (kcal/capita/day)","2960","Fish, Seafood","1971","1971","kcal/capita/day","24","Fc","Calculated data"
"FBS","Food Balance Sheets","79","Germany","664","Food supply (kcal/capita/day)","2901","Grand Total","1972","1972","kcal/capita/day","3143","Fc","Calculated data"
"FBS","Food Balance Sheets","79","Germany","664","Food supply (kcal/capita/day)","2909","Sugar & Sweeteners","1972","1972","kcal/capita/day","390","Fc","Calculated data"
"FBS","Food Balance Sheets","79","Germany","664","Food supply (kcal/capita/day)","2914","Vegetable Oils","1972","1972","kcal/capita/day","282","Fc","Calculated data"
"FBS","Food Balance Sheets","79","Germany","664","Food supply (kcal/capita/day)","2918","Vegetables","1972","1972","kcal/capita/day","41","Fc","Calculated data"
"FBS","Food Balance Sheets","79","Germany","664","Food supply (kcal/capita/day)","2919","Fruits - Excluding Wine","1972","1972","kcal/capita/day","124","Fc","Calculated data"
"FBS","Food Balance Sheets","79","Germany","664","Food supply (kcal/capita/day)","2924","Alcoholic Beverages","1972","1972","kcal/capita/day","264","Fc","Calculated data"
"FBS","Food Balance Sheets","79","Germany","664","Food supply (kcal/capita/day)","2941","Animal Products","1972","1972","kcal/capita/day","1059","Fc","Calculated data"
"FBS","Food Balance Sheets","79","Germany","664","Food supply (kcal/capita/day)","2943","Meat","1972","1972","kcal/capita/day","352","Fc","Calculated data"
"FBS","Food Balance Sheets","79","Germany","664","Food supply (kcal/capita/day)","2946","Animal fats","1972","1972","kcal/capita/day","373","Fc","Calculated data"
"FBS","Food Balance Sheets","79","Germany","664","Food supply (kcal/capita/day)","2948","Milk - Excluding Butter","1972","1972","kcal/capita/day","233","Fc","Calculated data"
"FBS","Food Balance Sheets","79","Germany","664","Food supply (kcal/capita/day)","2960","Fish, Seafood","1972","1972","kcal/capita/day","25","Fc","Calculated data"
"FBS","Food Balance Sheets","79","Germany","664","Food supply (kcal/capita/day)","2901","Grand Total","1973","1973","kcal/capita/day","3165","Fc","Calculated data"
"FBS","Food Balance Sheets","79","Germany","664","Food supply (kcal/capita/day)","2909","Sugar & Sweeteners","1973","1973","kcal/capita/day","409","Fc","Calculated data"
"FBS","Food Balance Sheets","79","Germany","664","Food supply (kcal/capita/day)","2914","Vegetable Oils","1973","1973","kcal/capita/day","279","Fc","Calculated data"
"FBS","Food Balance Sheets","79","Germany","664","Food supply (kcal/capita/day)","2918","Vegetables","1973","1973","kcal/capita/day","42","Fc","Calculated data"
"FBS","Food Balance Sheets","79","Germany","664","Food supply (kcal/capita/day)","2919","Fruits - Excluding Wine","1973","1973","kcal/capita/day","136","Fc","Calculated data"
"FBS","Food Balance Sheets","79","Germany","664","Food supply (kcal/capita/day)","2924","Alcoholic Beverages","1973","1973","kcal/capita/day","280","Fc","Calculated data"
"FBS","Food Balance Sheets","79","Germany","664","Food supply (kcal/capita/day)","2941","Animal Products","1973","1973","kcal/capita/day","1036","Fc","Calculated data"
"FBS","Food Balance Sheets","79","Germany","664","Food supply (kcal/capita/day)","2943","Meat","1973","1973","kcal/capita/day","350","Fc","Calculated data"
"FBS","Food Balance Sheets","79","Germany","664","Food supply (kcal/capita/day)","2946","Animal fats","1973","1973","kcal/capita/day","353","Fc","Calculated data"
"FBS","Food Balance Sheets","79","Germany","664","Food supply (kcal/capita/day)","2948","Milk - Excluding Butter","1973","1973","kcal/capita/day","231","Fc","Calculated data"
"FBS","Food Balance Sheets","79","Germany","664","Food supply (kcal/capita/day)","2960","Fish, Seafood","1973","1973","kcal/capita/day","26","Fc","Calculated data"
"FBS","Food Balance Sheets","79","Germany","664","Food supply (kcal/capita/day)","2901","Grand Total","1974","1974","kcal/capita/day","3110","Fc","Calculated data"
"FBS","Food Balance Sheets","79","Germany","664","Food supply (kcal/capita/day)","2909","Sugar & Sweeteners","1974","1974","kcal/capita/day","403","Fc","Calculated data"
"FBS","Food Balance Sheets","79","Germany","664","Food supply (kcal/capita/day)","2914","Vegetable Oils","1974","1974","kcal/capita/day","271","Fc","Calculated data"
"FBS","Food Balance Sheets","79","Germany","664","Food supply (kcal/capita/day)","2918","Vegetables","1974","1974","kcal/capita/day","42","Fc","Calculated data"
"FBS","Food Balance Sheets","79","Germany","664","Food supply (kcal/capita/day)","2919","Fruits - Excluding Wine","1974","1974","kcal/capita/day","114","Fc","Calculated data"
"FBS","Food Balance Sheets","79","Germany","664","Food supply (kcal/capita/day)","2924","Alcoholic Beverages","1974","1974","kcal/capita/day","268","Fc","Calculated data"
"FBS","Food Balance Sheets","79","Germany","664","Food supply (kcal/capita/day)","2941","Animal Products","1974","1974","kcal/capita/day","1036","Fc","Calculated data"
"FBS","Food Balance Sheets","79","Germany","664","Food supply (kcal/capita/day)","2943","Meat","1974","1974","kcal/capita/day","366","Fc","Calculated data"
"FBS","Food Balance Sheets","79","Germany","664","Food supply (kcal/capita/day)","2946","Animal fats","1974","1974","kcal/capita/day","342","Fc","Calculated data"
"FBS","Food Balance Sheets","79","Germany","664","Food supply (kcal/capita/day)","2948","Milk - Excluding Butter","1974","1974","kcal/capita/day","225","Fc","Calculated data"
"FBS","Food Balance Sheets","79","Germany","664","Food supply (kcal/capita/day)","2960","Fish, Seafood","1974","1974","kcal/capita/day","26","Fc","Calculated data"
"FBS","Food Balance Sheets","79","Germany","664","Food supply (kcal/capita/day)","2901","Grand Total","1975","1975","kcal/capita/day","3118","Fc","Calculated data"
"FBS","Food Balance Sheets","79","Germany","664","Food supply (kcal/capita/day)","2909","Sugar & Sweeteners","1975","1975","kcal/capita/day","390","Fc","Calculated data"
"FBS","Food Balance Sheets","79","Germany","664","Food supply (kcal/capita/day)","2914","Vegetable Oils","1975","1975","kcal/capita/day","269","Fc","Calculated data"
"FBS","Food Balance Sheets","79","Germany","664","Food supply (kcal/capita/day)","2918","Vegetables","1975","1975","kcal/capita/day","41","Fc","Calculated data"
"FBS","Food Balance Sheets","79","Germany","664","Food supply (kcal/capita/day)","2919","Fruits - Excluding Wine","1975","1975","kcal/capita/day","127","Fc","Calculated data"
"FBS","Food Balance Sheets","79","Germany","664","Food supply (kcal/capita/day)","2924","Alcoholic Beverages","1975","1975","kcal/capita/day","281","Fc","Calculated data"
"FBS","Food Balance Sheets","79","Germany","664","Food supply (kcal/capita/day)","2941","Animal Products","1975","1975","kcal/capita/day","1046","Fc","Calculated data"
"FBS","Food Balance Sheets","79","Germany","664","Food supply (kcal/capita/day)","2943","Meat","1975","1975","kcal/capita/day","373","Fc","Calculated data"
"FBS","Food Balance Sheets","79","Germany","664","Food supply (kcal/capita/day)","2946","Animal fats","1975","1975","kcal/capita/day","348","Fc","Calculated data"
"FBS","Food Balance Sheets","79","Germany","664","Food supply (kcal/capita/day)","2948","Milk - Excluding Butter","1975","1975","kcal/capita/day","220","Fc","Calculated data"
"FBS","Food Balance Sheets","79","Germany","664","Food supply (kcal/capita/day)","2960","Fish, Seafood","1975","1975","kcal/capita/day","27","Fc","Calculated data"
"FBS","Food Balance Sheets","79","Germany","664","Food supply (kcal/capita/day)","2901","Grand Total","1976","1976","kcal/capita/day","3190","Fc","Calculated data"
"FBS","Food Balance Sheets","79","Germany","664","Food supply (kcal/capita/day)","2909","Sugar & Sweeteners","1976","1976","kcal/capita/day","413","Fc","Calculated data"
"FBS","Food Balance Sheets","79","Germany","664","Food supply (kcal/capita/day)","2914","Vegetable Oils","1976","1976","kcal/capita/day","293","Fc","Calculated data"
"FBS","Food Balance Sheets","79","Germany","664","Food supply (kcal/capita/day)","2918","Vegetables","1976","1976","kcal/capita/day","43","Fc","Calculated data"
"FBS","Food Balance Sheets","79","Germany","664","Food supply (kcal/capita/day)","2919","Fruits - Excluding Wine","1976","1976","kcal/capita/day","123","Fc","Calculated data"
"FBS","Food Balance Sheets","79","Germany","664","Food supply (kcal/capita/day)","2924","Alcoholic Beverages","1976","1976","kcal/capita/day","292","Fc","Calculated data"
"FBS","Food Balance Sheets","79","Germany","664","Food supply (kcal/capita/day)","2941","Animal Products","1976","1976","kcal/capita/day","1064","Fc","Calculated data"
"FBS","Food Balance Sheets","79","Germany","664","Food supply (kcal/capita/day)","2943","Meat","1976","1976","kcal/capita/day","373","Fc","Calculated data"
"FBS","Food Balance Sheets","79","Germany","664","Food supply (kcal/capita/day)","2946","Animal fats","1976","1976","kcal/capita/day","360","Fc","Calculated data"
"FBS","Food Balance Sheets","79","Germany","664","Food supply (kcal/capita/day)","2948","Milk - Excluding Butter","1976","1976","kcal/capita/day","224","Fc","Calculated data"
"FBS","Food Balance Sheets","79","Germany","664","Food supply (kcal/capita/day)","2960","Fish, Seafood","1976","1976","kcal/capita/day","28","Fc","Calculated data"
"FBS","Food Balance Sheets","79","Germany","664","Food supply (kcal/capita/day)","2901","Grand Total","1977","1977","kcal/capita/day","3144","Fc","Calculated data"
"FBS","Food Balance Sheets","79","Germany","664","Food supply (kcal/capita/day)","2909","Sugar & Sweeteners","1977","1977","kcal/capita/day","391","Fc","Calculated data"
"FBS","Food Balance Sheets","79","Germany","664","Food supply (kcal/capita/day)","2914","Vegetable Oils","1977","1977","kcal/capita/day","292","Fc","Calculated data"
"FBS","Food Balance Sheets","79","Germany","664","Food supply (kcal/capita/day)","2918","Vegetables","1977","1977","kcal/capita/day","45","Fc","Calculated data"
"FBS","Food Balance Sheets","79","Germany","664","Food supply (kcal/capita/day)","2919","Fruits - Excluding Wine","1977","1977","kcal/capita/day","117","Fc","Calculated data"
"FBS","Food Balance Sheets","79","Germany","664","Food supply (kcal/capita/day)","2924","Alcoholic Beverages","1977","1977","kcal/capita/day","289","Fc","Calculated data"
"FBS","Food Balance Sheets","79","Germany","664","Food supply (kcal/capita/day)","2941","Animal Products","1977","1977","kcal/capita/day","1044","Fc","Calculated data"
"FBS","Food Balance Sheets","79","Germany","664","Food supply (kcal/capita/day)","2943","Meat","1977","1977","kcal/capita/day","377","Fc","Calculated data"
"FBS","Food Balance Sheets","79","Germany","664","Food supply (kcal/capita/day)","2946","Animal fats","1977","1977","kcal/capita/day","342","Fc","Calculated data"
"FBS","Food Balance Sheets","79","Germany","664","Food supply (kcal/capita/day)","2948","Milk - Excluding Butter","1977","1977","kcal/capita/day","219","Fc","Calculated data"
"FBS","Food Balance Sheets","79","Germany","664","Food supply (kcal/capita/day)","2960","Fish, Seafood","1977","1977","kcal/capita/day","26","Fc","Calculated data"
"FBS","Food Balance Sheets","79","Germany","664","Food supply (kcal/capita/day)","2901","Grand Total","1978","1978","kcal/capita/day","3258","Fc","Calculated data"
"FBS","Food Balance Sheets","79","Germany","664","Food supply (kcal/capita/day)","2909","Sugar & Sweeteners","1978","1978","kcal/capita/day","413","Fc","Calculated data"
"FBS","Food Balance Sheets","79","Germany","664","Food supply (kcal/capita/day)","2914","Vegetable Oils","1978","1978","kcal/capita/day","283","Fc","Calculated data"
"FBS","Food Balance Sheets","79","Germany","664","Food supply (kcal/capita/day)","2918","Vegetables","1978","1978","kcal/capita/day","46","Fc","Calculated data"
"FBS","Food Balance Sheets","79","Germany","664","Food supply (kcal/capita/day)","2919","Fruits - Excluding Wine","1978","1978","kcal/capita/day","128","Fc","Calculated data"
"FBS","Food Balance Sheets","79","Germany","664","Food supply (kcal/capita/day)","2924","Alcoholic Beverages","1978","1978","kcal/capita/day","285","Fc","Calculated data"
"FBS","Food Balance Sheets","79","Germany","664","Food supply (kcal/capita/day)","2941","Animal Products","1978","1978","kcal/capita/day","1100","Fc","Calculated data"
"FBS","Food Balance Sheets","79","Germany","664","Food supply (kcal/capita/day)","2943","Meat","1978","1978","kcal/capita/day","398","Fc","Calculated data"
"FBS","Food Balance Sheets","79","Germany","664","Food supply (kcal/capita/day)","2946","Animal fats","1978","1978","kcal/capita/day","370","Fc","Calculated data"
"FBS","Food Balance Sheets","79","Germany","664","Food supply (kcal/capita/day)","2948","Milk - Excluding Butter","1978","1978","kcal/capita/day","225","Fc","Calculated data"
"FBS","Food Balance Sheets","79","Germany","664","Food supply (kcal/capita/day)","2960","Fish, Seafood","1978","1978","kcal/capita/day","25","Fc","Calculated data"
"FBS","Food Balance Sheets","79","Germany","664","Food supply (kcal/capita/day)","2901","Grand Total","1979","1979","kcal/capita/day","3280","Fc","Calculated data"
"FBS","Food Balance Sheets","79","Germany","664","Food supply (kcal/capita/day)","2909","Sugar & Sweeteners","1979","1979","kcal/capita/day","420","Fc","Calculated data"
"FBS","Food Balance Sheets","79","Germany","664","Food supply (kcal/capita/day)","2914","Vegetable Oils","1979","1979","kcal/capita/day","279","Fc","Calculated data"
"FBS","Food Balance Sheets","79","Germany","664","Food supply (kcal/capita/day)","2918","Vegetables","1979","1979","kcal/capita/day","47","Fc","Calculated data"
"FBS","Food Balance Sheets","79","Germany","664","Food supply (kcal/capita/day)","2919","Fruits - Excluding Wine","1979","1979","kcal/capita/day","127","Fc","Calculated data"
"FBS","Food Balance Sheets","79","Germany","664","Food supply (kcal/capita/day)","2924","Alcoholic Beverages","1979","1979","kcal/capita/day","292","Fc","Calculated data"
"FBS","Food Balance Sheets","79","Germany","664","Food supply (kcal/capita/day)","2941","Animal Products","1979","1979","kcal/capita/day","1119","Fc","Calculated data"
"FBS","Food Balance Sheets","79","Germany","664","Food supply (kcal/capita/day)","2943","Meat","1979","1979","kcal/capita/day","404","Fc","Calculated data"
"FBS","Food Balance Sheets","79","Germany","664","Food supply (kcal/capita/day)","2946","Animal fats","1979","1979","kcal/capita/day","377","Fc","Calculated data"
"FBS","Food Balance Sheets","79","Germany","664","Food supply (kcal/capita/day)","2948","Milk - Excluding Butter","1979","1979","kcal/capita/day","233","Fc","Calculated data"
"FBS","Food Balance Sheets","79","Germany","664","Food supply (kcal/capita/day)","2960","Fish, Seafood","1979","1979","kcal/capita/day","26","Fc","Calculated data"
"FBS","Food Balance Sheets","79","Germany","664","Food supply (kcal/capita/day)","2901","Grand Total","1980","1980","kcal/capita/day","3278","Fc","Calculated data"
"FBS","Food Balance Sheets","79","Germany","664","Food supply (kcal/capita/day)","2909","Sugar & Sweeteners","1980","1980","kcal/capita/day","418","Fc","Calculated data"
"FBS","Food Balance Sheets","79","Germany","664","Food supply (kcal/capita/day)","2914","Vegetable Oils","1980","1980","kcal/capita/day","288","Fc","Calculated data"
"FBS","Food Balance Sheets","79","Germany","664","Food supply (kcal/capita/day)","2918","Vegetables","1980","1980","kcal/capita/day","46","Fc","Calculated data"
"FBS","Food Balance Sheets","79","Germany","664","Food supply (kcal/capita/day)","2919","Fruits - Excluding Wine","1980","1980","kcal/capita/day","126","Fc","Calculated data"
"FBS","Food Balance Sheets","79","Germany","664","Food supply (kcal/capita/day)","2924","Alcoholic Beverages","1980","1980","kcal/capita/day","290","Fc","Calculated data"
"FBS","Food Balance Sheets","79","Germany","664","Food supply (kcal/capita/day)","2941","Animal Products","1980","1980","kcal/capita/day","1107","Fc","Calculated data"
"FBS","Food Balance Sheets","79","Germany","664","Food supply (kcal/capita/day)","2943","Meat","1980","1980","kcal/capita/day","419","Fc","Calculated data"
"FBS","Food Balance Sheets","79","Germany","664","Food supply (kcal/capita/day)","2946","Animal fats","1980","1980","kcal/capita/day","337","Fc","Calculated data"
"FBS","Food Balance Sheets","79","Germany","664","Food supply (kcal/capita/day)","2948","Milk - Excluding Butter","1980","1980","kcal/capita/day","241","Fc","Calculated data"
"FBS","Food Balance Sheets","79","Germany","664","Food supply (kcal/capita/day)","2960","Fish, Seafood","1980","1980","kcal/capita/day","28","Fc","Calculated data"
"FBS","Food Balance Sheets","79","Germany","664","Food supply (kcal/capita/day)","2901","Grand Total","1981","1981","kcal/capita/day","3273","Fc","Calculated data"
"FBS","Food Balance Sheets","79","Germany","664","Food supply (kcal/capita/day)","2909","Sugar & Sweeteners","1981","1981","kcal/capita/day","424","Fc","Calculated data"
"FBS","Food Balance Sheets","79","Germany","664","Food supply (kcal/capita/day)","2914","Vegetable Oils","1981","1981","kcal/capita/day","304","Fc","Calculated data"
"FBS","Food Balance Sheets","79","Germany","664","Food supply (kcal/capita/day)","2918","Vegetables","1981","1981","kcal/capita/day","49","Fc","Calculated data"
"FBS","Food Balance Sheets","79","Germany","664","Food supply (kcal/capita/day)","2919","Fruits - Excluding Wine","1981","1981","kcal/capita/day","104","Fc","Calculated data"
"FBS","Food Balance Sheets","79","Germany","664","Food supply (kcal/capita/day)","2924","Alcoholic Beverages","1981","1981","kcal/capita/day","300","Fc","Calculated data"
"FBS","Food Balance Sheets","79","Germany","664","Food supply (kcal/capita/day)","2941","Animal Products","1981","1981","kcal/capita/day","1098","Fc","Calculated data"
"FBS","Food Balance Sheets","79","Germany","664","Food supply (kcal/capita/day)","2943","Meat","1981","1981","kcal/capita/day","419","Fc","Calculated data"
"FBS","Food Balance Sheets","79","Germany","664","Food supply (kcal/capita/day)","2946","Animal fats","1981","1981","kcal/capita/day","330","Fc","Calculated data"
"FBS","Food Balance Sheets","79","Germany","664","Food supply (kcal/capita/day)","2948","Milk - Excluding Butter","1981","1981","kcal/capita/day","240","Fc","Calculated data"
"FBS","Food Balance Sheets","79","Germany","664","Food supply (kcal/capita/day)","2960","Fish, Seafood","1981","1981","kcal/capita/day","27","Fc","Calculated data"
"FBS","Food Balance Sheets","79","Germany","664","Food supply (kcal/capita/day)","2901","Grand Total","1982","1982","kcal/capita/day","3337","Fc","Calculated data"
"FBS","Food Balance Sheets","79","Germany","664","Food supply (kcal/capita/day)","2909","Sugar & Sweeteners","1982","1982","kcal/capita/day","429","Fc","Calculated data"
"FBS","Food Balance Sheets","79","Germany","664","Food supply (kcal/capita/day)","2914","Vegetable Oils","1982","1982","kcal/capita/day","290","Fc","Calculated data"
"FBS","Food Balance Sheets","79","Germany","664","Food supply (kcal/capita/day)","2918","Vegetables","1982","1982","kcal/capita/day","48","Fc","Calculated data"
"FBS","Food Balance Sheets","79","Germany","664","Food supply (kcal/capita/day)","2919","Fruits - Excluding Wine","1982","1982","kcal/capita/day","137","Fc","Calculated data"
"FBS","Food Balance Sheets","79","Germany","664","Food supply (kcal/capita/day)","2924","Alcoholic Beverages","1982","1982","kcal/capita/day","316","Fc","Calculated data"
"FBS","Food Balance Sheets","79","Germany","664","Food supply (kcal/capita/day)","2941","Animal Products","1982","1982","kcal/capita/day","1124","Fc","Calculated data"
"FBS","Food Balance Sheets","79","Germany","664","Food supply (kcal/capita/day)","2943","Meat","1982","1982","kcal/capita/day","413","Fc","Calculated data"
"FBS","Food Balance Sheets","79","Germany","664","Food supply (kcal/capita/day)","2946","Animal fats","1982","1982","kcal/capita/day","355","Fc","Calculated data"
"FBS","Food Balance Sheets","79","Germany","664","Food supply (kcal/capita/day)","2948","Milk - Excluding Butter","1982","1982","kcal/capita/day","246","Fc","Calculated data"
"FBS","Food Balance Sheets","79","Germany","664","Food supply (kcal/capita/day)","2960","Fish, Seafood","1982","1982","kcal/capita/day","26","Fc","Calculated data"
"FBS","Food Balance Sheets","79","Germany","664","Food supply (kcal/capita/day)","2901","Grand Total","1983","1983","kcal/capita/day","3378","Fc","Calculated data"
"FBS","Food Balance Sheets","79","Germany","664","Food supply (kcal/capita/day)","2909","Sugar & Sweeteners","1983","1983","kcal/capita/day","424","Fc","Calculated data"
"FBS","Food Balance Sheets","79","Germany","664","Food supply (kcal/capita/day)","2914","Vegetable Oils","1983","1983","kcal/capita/day","285","Fc","Calculated data"
"FBS","Food Balance Sheets","79","Germany","664","Food supply (kcal/capita/day)","2918","Vegetables","1983","1983","kcal/capita/day","47","Fc","Calculated data"
"FBS","Food Balance Sheets","79","Germany","664","Food supply (kcal/capita/day)","2919","Fruits - Excluding Wine","1983","1983","kcal/capita/day","119","Fc","Calculated data"
"FBS","Food Balance Sheets","79","Germany","664","Food supply (kcal/capita/day)","2924","Alcoholic Beverages","1983","1983","kcal/capita/day","306","Fc","Calculated data"
"FBS","Food Balance Sheets","79","Germany","664","Food supply (kcal/capita/day)","2941","Animal Products","1983","1983","kcal/capita/day","1184","Fc","Calculated data"
"FBS","Food Balance Sheets","79","Germany","664","Food supply (kcal/capita/day)","2943","Meat","1983","1983","kcal/capita/day","408","Fc","Calculated data"
"FBS","Food Balance Sheets","79","Germany","664","Food supply (kcal/capita/day)","2946","Animal fats","1983","1983","kcal/capita/day","396","Fc","Calculated data"
"FBS","Food Balance Sheets","79","Germany","664","Food supply (kcal/capita/day)","2948","Milk - Excluding Butter","1983","1983","kcal/capita/day","270","Fc","Calculated data"
"FBS","Food Balance Sheets","79","Germany","664","Food supply (kcal/capita/day)","2960","Fish, Seafood","1983","1983","kcal/capita/day","27","Fc","Calculated data"
"FBS","Food Balance Sheets","79","Germany","664","Food supply (kcal/capita/day)","2901","Grand Total","1984","1984","kcal/capita/day","3391","Fc","Calculated data"
"FBS","Food Balance Sheets","79","Germany","664","Food supply (kcal/capita/day)","2909","Sugar & Sweeteners","1984","1984","kcal/capita/day","406","Fc","Calculated data"
"FBS","Food Balance Sheets","79","Germany","664","Food supply (kcal/capita/day)","2914","Vegetable Oils","1984","1984","kcal/capita/day","277","Fc","Calculated data"
"FBS","Food Balance Sheets","79","Germany","664","Food supply (kcal/capita/day)","2918","Vegetables","1984","1984","kcal/capita/day","52","Fc","Calculated data"
"FBS","Food Balance Sheets","79","Germany","664","Food supply (kcal/capita/day)","2919","Fruits - Excluding Wine","1984","1984","kcal/capita/day","129","Fc","Calculated data"
"FBS","Food Balance Sheets","79","Germany","664","Food supply (kcal/capita/day)","2924","Alcoholic Beverages","1984","1984","kcal/capita/day","292","Fc","Calculated data"
"FBS","Food Balance Sheets","79","Germany","664","Food supply (kcal/capita/day)","2941","Animal Products","1984","1984","kcal/capita/day","1187","Fc","Calculated data"
"FBS","Food Balance Sheets","79","Germany","664","Food supply (kcal/capita/day)","2943","Meat","1984","1984","kcal/capita/day","409","Fc","Calculated data"
"FBS","Food Balance Sheets","79","Germany","664","Food supply (kcal/capita/day)","2946","Animal fats","1984","1984","kcal/capita/day","395","Fc","Calculated data"
"FBS","Food Balance Sheets","79","Germany","664","Food supply (kcal/capita/day)","2948","Milk - Excluding Butter","1984","1984","kcal/capita/day","276","Fc","Calculated data"
"FBS","Food Balance Sheets","79","Germany","664","Food supply (kcal/capita/day)","2960","Fish, Seafood","1984","1984","kcal/capita/day","26","Fc","Calculated data"
"FBS","Food Balance Sheets","79","Germany","664","Food supply (kcal/capita/day)","2901","Grand Total","1985","1985","kcal/capita/day","3423","Fc","Calculated data"
"FBS","Food Balance Sheets","79","Germany","664","Food supply (kcal/capita/day)","2909","Sugar & Sweeteners","1985","1985","kcal/capita/day","423","Fc","Calculated data"
"FBS","Food Balance Sheets","79","Germany","664","Food supply (kcal/capita/day)","2914","Vegetable Oils","1985","1985","kcal/capita/day","276","Fc","Calculated data"
"FBS","Food Balance Sheets","79","Germany","664","Food supply (kcal/capita/day)","2918","Vegetables","1985","1985","kcal/capita/day","50","Fc","Calculated data"
"FBS","Food Balance Sheets","79","Germany","664","Food supply (kcal/capita/day)","2919","Fruits - Excluding Wine","1985","1985","kcal/capita/day","127","Fc","Calculated data"
"FBS","Food Balance Sheets","79","Germany","664","Food supply (kcal/capita/day)","2924","Alcoholic Beverages","1985","1985","kcal/capita/day","287","Fc","Calculated data"
"FBS","Food Balance Sheets","79","Germany","664","Food supply (kcal/capita/day)","2941","Animal Products","1985","1985","kcal/capita/day","1191","Fc","Calculated data"
"FBS","Food Balance Sheets","79","Germany","664","Food supply (kcal/capita/day)","2943","Meat","1985","1985","kcal/capita/day","418","Fc","Calculated data"
"FBS","Food Balance Sheets","79","Germany","664","Food supply (kcal/capita/day)","2946","Animal fats","1985","1985","kcal/capita/day","387","Fc","Calculated data"
"FBS","Food Balance Sheets","79","Germany","664","Food supply (kcal/capita/day)","2948","Milk - Excluding Butter","1985","1985","kcal/capita/day","279","Fc","Calculated data"
"FBS","Food Balance Sheets","79","Germany","664","Food supply (kcal/capita/day)","2960","Fish, Seafood","1985","1985","kcal/capita/day","25","Fc","Calculated data"
"FBS","Food Balance Sheets","79","Germany","664","Food supply (kcal/capita/day)","2901","Grand Total","1986","1986","kcal/capita/day","3406","Fc","Calculated data"
"FBS","Food Balance Sheets","79","Germany","664","Food supply (kcal/capita/day)","2909","Sugar & Sweeteners","1986","1986","kcal/capita/day","436","Fc","Calculated data"
"FBS","Food Balance Sheets","79","Germany","664","Food supply (kcal/capita/day)","2914","Vegetable Oils","1986","1986","kcal/capita/day","282","Fc","Calculated data"
"FBS","Food Balance Sheets","79","Germany","664","Food supply (kcal/capita/day)","2918","Vegetables","1986","1986","kcal/capita/day","51","Fc","Calculated data"
"FBS","Food Balance Sheets","79","Germany","664","Food supply (kcal/capita/day)","2919","Fruits - Excluding Wine","1986","1986","kcal/capita/day","140","Fc","Calculated data"
"FBS","Food Balance Sheets","79","Germany","664","Food supply (kcal/capita/day)","2924","Alcoholic Beverages","1986","1986","kcal/capita/day","298","Fc","Calculated data"
"FBS","Food Balance Sheets","79","Germany","664","Food supply (kcal/capita/day)","2941","Animal Products","1986","1986","kcal/capita/day","1141","Fc","Calculated data"
"FBS","Food Balance Sheets","79","Germany","664","Food supply (kcal/capita/day)","2943","Meat","1986","1986","kcal/capita/day","416","Fc","Calculated data"
"FBS","Food Balance Sheets","79","Germany","664","Food supply (kcal/capita/day)","2946","Animal fats","1986","1986","kcal/capita/day","341","Fc","Calculated data"
"FBS","Food Balance Sheets","79","Germany","664","Food supply (kcal/capita/day)","2948","Milk - Excluding Butter","1986","1986","kcal/capita/day","276","Fc","Calculated data"
"FBS","Food Balance Sheets","79","Germany","664","Food supply (kcal/capita/day)","2960","Fish, Seafood","1986","1986","kcal/capita/day","27","Fc","Calculated data"
"FBS","Food Balance Sheets","79","Germany","664","Food supply (kcal/capita/day)","2901","Grand Total","1987","1987","kcal/capita/day","3382","Fc","Calculated data"
"FBS","Food Balance Sheets","79","Germany","664","Food supply (kcal/capita/day)","2909","Sugar & Sweeteners","1987","1987","kcal/capita/day","421","Fc","Calculated data"
"FBS","Food Balance Sheets","79","Germany","664","Food supply (kcal/capita/day)","2914","Vegetable Oils","1987","1987","kcal/capita/day","282","Fc","Calculated data"
"FBS","Food Balance Sheets","79","Germany","664","Food supply (kcal/capita/day)","2918","Vegetables","1987","1987","kcal/capita/day","52","Fc","Calculated data"
"FBS","Food Balance Sheets","79","Germany","664","Food supply (kcal/capita/day)","2919","Fruits - Excluding Wine","1987","1987","kcal/capita/day","132","Fc","Calculated data"
"FBS","Food Balance Sheets","79","Germany","664","Food supply (kcal/capita/day)","2924","Alcoholic Beverages","1987","1987","kcal/capita/day","293","Fc","Calculated data"
"FBS","Food Balance Sheets","79","Germany","664","Food supply (kcal/capita/day)","2941","Animal Products","1987","1987","kcal/capita/day","1138","Fc","Calculated data"
"FBS","Food Balance Sheets","79","Germany","664","Food supply (kcal/capita/day)","2943","Meat","1987","1987","kcal/capita/day","425","Fc","Calculated data"
"FBS","Food Balance Sheets","79","Germany","664","Food supply (kcal/capita/day)","2946","Animal fats","1987","1987","kcal/capita/day","328","Fc","Calculated data"
"FBS","Food Balance Sheets","79","Germany","664","Food supply (kcal/capita/day)","2948","Milk - Excluding Butter","1987","1987","kcal/capita/day","282","Fc","Calculated data"
"FBS","Food Balance Sheets","79","Germany","664","Food supply (kcal/capita/day)","2960","Fish, Seafood","1987","1987","kcal/capita/day","25","Fc","Calculated data"
"FBS","Food Balance Sheets","79","Germany","664","Food supply (kcal/capita/day)","2901","Grand Total","1988","1988","kcal/capita/day","3404","Fc","Calculated data"
"FBS","Food Balance Sheets","79","Germany","664","Food supply (kcal/capita/day)","2909","Sugar & Sweeteners","1988","1988","kcal/capita/day","427","Fc","Calculated data"
"FBS","Food Balance Sheets","79","Germany","664","Food supply (kcal/capita/day)","2914","Vegetable Oils","1988","1988","kcal/capita/day","294","Fc","Calculated data"
"FBS","Food Balance Sheets","79","Germany","664","Food supply (kcal/capita/day)","2918","Vegetables","1988","1988","kcal/capita/day","54","Fc","Calculated data"
"FBS","Food Balance Sheets","79","Germany","664","Food supply (kcal/capita/day)","2919","Fruits - Excluding Wine","1988","1988","kcal/capita/day","146","Fc","Calculated data"
"FBS","Food Balance Sheets","79","Germany","664","Food supply (kcal/capita/day)","2924","Alcoholic Beverages","1988","1988","kcal/capita/day","294","Fc","Calculated data"
"FBS","Food Balance Sheets","79","Germany","664","Food supply (kcal/capita/day)","2941","Animal Products","1988","1988","kcal/capita/day","1130","Fc","Calculated data"
"FBS","Food Balance Sheets","79","Germany","664","Food supply (kcal/capita/day)","2943","Meat","1988","1988","kcal/capita/day","424","Fc","Calculated data"
"FBS","Food Balance Sheets","79","Germany","664","Food supply (kcal/capita/day)","2946","Animal fats","1988","1988","kcal/capita/day","315","Fc","Calculated data"
"FBS","Food Balance Sheets","79","Germany","664","Food supply (kcal/capita/day)","2948","Milk - Excluding Butter","1988","1988","kcal/capita/day","288","Fc","Calculated data"
"FBS","Food Balance Sheets","79","Germany","664","Food supply (kcal/capita/day)","2960","Fish, Seafood","1988","1988","kcal/capita/day","26","Fc","Calculated data"
"FBS","Food Balance Sheets","79","Germany","664","Food supply (kcal/capita/day)","2901","Grand Total","1989","1989","kcal/capita/day","3403","Fc","Calculated data"
"FBS","Food Balance Sheets","79","Germany","664","Food supply (kcal/capita/day)","2909","Sugar & Sweeteners","1989","1989","kcal/capita/day","410","Fc","Calculated data"
"FBS","Food Balance Sheets","79","Germany","664","Food supply (kcal/capita/day)","2914","Vegetable Oils","1989","1989","kcal/capita/day","301","Fc","Calculated data"
"FBS","Food Balance Sheets","79","Germany","664","Food supply (kcal/capita/day)","2918","Vegetables","1989","1989","kcal/capita/day","54","Fc","Calculated data"
"FBS","Food Balance Sheets","79","Germany","664","Food supply (kcal/capita/day)","2919","Fruits - Excluding Wine","1989","1989","kcal/capita/day","139","Fc","Calculated data"
"FBS","Food Balance Sheets","79","Germany","664","Food supply (kcal/capita/day)","2924","Alcoholic Beverages","1989","1989","kcal/capita/day","302","Fc","Calculated data"
"FBS","Food Balance Sheets","79","Germany","664","Food supply (kcal/capita/day)","2941","Animal Products","1989","1989","kcal/capita/day","1133","Fc","Calculated data"
"FBS","Food Balance Sheets","79","Germany","664","Food supply (kcal/capita/day)","2943","Meat","1989","1989","kcal/capita/day","407","Fc","Calculated data"
"FBS","Food Balance Sheets","79","Germany","664","Food supply (kcal/capita/day)","2946","Animal fats","1989","1989","kcal/capita/day","338","Fc","Calculated data"
"FBS","Food Balance Sheets","79","Germany","664","Food supply (kcal/capita/day)","2948","Milk - Excluding Butter","1989","1989","kcal/capita/day","285","Fc","Calculated data"
"FBS","Food Balance Sheets","79","Germany","664","Food supply (kcal/capita/day)","2960","Fish, Seafood","1989","1989","kcal/capita/day","29","Fc","Calculated data"
"FBS","Food Balance Sheets","79","Germany","664","Food supply (kcal/capita/day)","2901","Grand Total","1990","1990","kcal/capita/day","3261","Fc","Calculated data"
"FBS","Food Balance Sheets","79","Germany","664","Food supply (kcal/capita/day)","2909","Sugar & Sweeteners","1990","1990","kcal/capita/day","343","Fc","Calculated data"
"FBS","Food Balance Sheets","79","Germany","664","Food supply (kcal/capita/day)","2914","Vegetable Oils","1990","1990","kcal/capita/day","315","Fc","Calculated data"
"FBS","Food Balance Sheets","79","Germany","664","Food supply (kcal/capita/day)","2918","Vegetables","1990","1990","kcal/capita/day","53","Fc","Calculated data"
"FBS","Food Balance Sheets","79","Germany","664","Food supply (kcal/capita/day)","2919","Fruits - Excluding Wine","1990","1990","kcal/capita/day","143","Fc","Calculated data"
"FBS","Food Balance Sheets","79","Germany","664","Food supply (kcal/capita/day)","2924","Alcoholic Beverages","1990","1990","kcal/capita/day","285","Fc","Calculated data"
"FBS","Food Balance Sheets","79","Germany","664","Food supply (kcal/capita/day)","2941","Animal Products","1990","1990","kcal/capita/day","1129","Fc","Calculated data"
"FBS","Food Balance Sheets","79","Germany","664","Food supply (kcal/capita/day)","2943","Meat","1990","1990","kcal/capita/day","409","Fc","Calculated data"
"FBS","Food Balance Sheets","79","Germany","664","Food supply (kcal/capita/day)","2946","Animal fats","1990","1990","kcal/capita/day","341","Fc","Calculated data"
"FBS","Food Balance Sheets","79","Germany","664","Food supply (kcal/capita/day)","2948","Milk - Excluding Butter","1990","1990","kcal/capita/day","278","Fc","Calculated data"
"FBS","Food Balance Sheets","79","Germany","664","Food supply (kcal/capita/day)","2960","Fish, Seafood","1990","1990","kcal/capita/day","30","Fc","Calculated data"
"FBS","Food Balance Sheets","79","Germany","664","Food supply (kcal/capita/day)","2901","Grand Total","1991","1991","kcal/capita/day","3323","Fc","Calculated data"
"FBS","Food Balance Sheets","79","Germany","664","Food supply (kcal/capita/day)","2909","Sugar & Sweeteners","1991","1991","kcal/capita/day","426","Fc","Calculated data"
"FBS","Food Balance Sheets","79","Germany","664","Food supply (kcal/capita/day)","2914","Vegetable Oils","1991","1991","kcal/capita/day","370","Fc","Calculated data"
"FBS","Food Balance Sheets","79","Germany","664","Food supply (kcal/capita/day)","2918","Vegetables","1991","1991","kcal/capita/day","55","Fc","Calculated data"
"FBS","Food Balance Sheets","79","Germany","664","Food supply (kcal/capita/day)","2919","Fruits - Excluding Wine","1991","1991","kcal/capita/day","121","Fc","Calculated data"
"FBS","Food Balance Sheets","79","Germany","664","Food supply (kcal/capita/day)","2924","Alcoholic Beverages","1991","1991","kcal/capita/day","291","Fc","Calculated data"
"FBS","Food Balance Sheets","79","Germany","664","Food supply (kcal/capita/day)","2941","Animal Products","1991","1991","kcal/capita/day","1074","Fc","Calculated data"
"FBS","Food Balance Sheets","79","Germany","664","Food supply (kcal/capita/day)","2943","Meat","1991","1991","kcal/capita/day","387","Fc","Calculated data"
"FBS","Food Balance Sheets","79","Germany","664","Food supply (kcal/capita/day)","2946","Animal fats","1991","1991","kcal/capita/day","304","Fc","Calculated data"
"FBS","Food Balance Sheets","79","Germany","664","Food supply (kcal/capita/day)","2948","Milk - Excluding Butter","1991","1991","kcal/capita/day","286","Fc","Calculated data"
"FBS","Food Balance Sheets","79","Germany","664","Food supply (kcal/capita/day)","2960","Fish, Seafood","1991","1991","kcal/capita/day","25","Fc","Calculated data"
"FBS","Food Balance Sheets","79","Germany","664","Food supply (kcal/capita/day)","2901","Grand Total","1992","1992","kcal/capita/day","3392","Fc","Calculated data"
"FBS","Food Balance Sheets","79","Germany","664","Food supply (kcal/capita/day)","2909","Sugar & Sweeteners","1992","1992","kcal/capita/day","446","Fc","Calculated data"
"FBS","Food Balance Sheets","79","Germany","664","Food supply (kcal/capita/day)","2914","Vegetable Oils","1992","1992","kcal/capita/day","374","Fc","Calculated data"
"FBS","Food Balance Sheets","79","Germany","664","Food supply (kcal/capita/day)","2918","Vegetables","1992","1992","kcal/capita/day","58","Fc","Calculated data"
"FBS","Food Balance Sheets","79","Germany","664","Food supply (kcal/capita/day)","2919","Fruits - Excluding Wine","1992","1992","kcal/capita/day","139","Fc","Calculated data"
"FBS","Food Balance Sheets","79","Germany","664","Food supply (kcal/capita/day)","2924","Alcoholic Beverages","1992","1992","kcal/capita/day","292","Fc","Calculated data"
"FBS","Food Balance Sheets","79","Germany","664","Food supply (kcal/capita/day)","2941","Animal Products","1992","1992","kcal/capita/day","1104","Fc","Calculated data"
"FBS","Food Balance Sheets","79","Germany","664","Food supply (kcal/capita/day)","2943","Meat","1992","1992","kcal/capita/day","400","Fc","Calculated data"
"FBS","Food Balance Sheets","79","Germany","664","Food supply (kcal/capita/day)","2946","Animal fats","1992","1992","kcal/capita/day","331","Fc","Calculated data"
"FBS","Food Balance Sheets","79","Germany","664","Food supply (kcal/capita/day)","2948","Milk - Excluding Butter","1992","1992","kcal/capita/day","280","Fc","Calculated data"
"FBS","Food Balance Sheets","79","Germany","664","Food supply (kcal/capita/day)","2960","Fish, Seafood","1992","1992","kcal/capita/day","24","Fc","Calculated data"
"FBS","Food Balance Sheets","79","Germany","664","Food supply (kcal/capita/day)","2901","Grand Total","1993","1993","kcal/capita/day","3202","Fc","Calculated data"
"FBS","Food Balance Sheets","79","Germany","664","Food supply (kcal/capita/day)","2909","Sugar & Sweeteners","1993","1993","kcal/capita/day","413","Fc","Calculated data"
"FBS","Food Balance Sheets","79","Germany","664","Food supply (kcal/capita/day)","2914","Vegetable Oils","1993","1993","kcal/capita/day","376","Fc","Calculated data"
"FBS","Food Balance Sheets","79","Germany","664","Food supply (kcal/capita/day)","2918","Vegetables","1993","1993","kcal/capita/day","51","Fc","Calculated data"
"FBS","Food Balance Sheets","79","Germany","664","Food supply (kcal/capita/day)","2919","Fruits - Excluding Wine","1993","1993","kcal/capita/day","106","Fc","Calculated data"
"FBS","Food Balance Sheets","79","Germany","664","Food supply (kcal/capita/day)","2924","Alcoholic Beverages","1993","1993","kcal/capita/day","256","Fc","Calculated data"
"FBS","Food Balance Sheets","79","Germany","664","Food supply (kcal/capita/day)","2941","Animal Products","1993","1993","kcal/capita/day","1018","Fc","Calculated data"
"FBS","Food Balance Sheets","79","Germany","664","Food supply (kcal/capita/day)","2943","Meat","1993","1993","kcal/capita/day","369","Fc","Calculated data"
"FBS","Food Balance Sheets","79","Germany","664","Food supply (kcal/capita/day)","2946","Animal fats","1993","1993","kcal/capita/day","312","Fc","Calculated data"
"FBS","Food Balance Sheets","79","Germany","664","Food supply (kcal/capita/day)","2948","Milk - Excluding Butter","1993","1993","kcal/capita/day","256","Fc","Calculated data"
"FBS","Food Balance Sheets","79","Germany","664","Food supply (kcal/capita/day)","2960","Fish, Seafood","1993","1993","kcal/capita/day","22","Fc","Calculated data"
"FBS","Food Balance Sheets","79","Germany","664","Food supply (kcal/capita/day)","2901","Grand Total","1994","1994","kcal/capita/day","3213","Fc","Calculated data"
"FBS","Food Balance Sheets","79","Germany","664","Food supply (kcal/capita/day)","2909","Sugar & Sweeteners","1994","1994","kcal/capita/day","392","Fc","Calculated data"
"FBS","Food Balance Sheets","79","Germany","664","Food supply (kcal/capita/day)","2914","Vegetable Oils","1994","1994","kcal/capita/day","376","Fc","Calculated data"
"FBS","Food Balance Sheets","79","Germany","664","Food supply (kcal/capita/day)","2918","Vegetables","1994","1994","kcal/capita/day","55","Fc","Calculated data"
"FBS","Food Balance Sheets","79","Germany","664","Food supply (kcal/capita/day)","2919","Fruits - Excluding Wine","1994","1994","kcal/capita/day","110","Fc","Calculated data"
"FBS","Food Balance Sheets","79","Germany","664","Food supply (kcal/capita/day)","2924","Alcoholic Beverages","1994","1994","kcal/capita/day","251","Fc","Calculated data"
"FBS","Food Balance Sheets","79","Germany","664","Food supply (kcal/capita/day)","2941","Animal Products","1994","1994","kcal/capita/day","1033","Fc","Calculated data"
"FBS","Food Balance Sheets","79","Germany","664","Food supply (kcal/capita/day)","2943","Meat","1994","1994","kcal/capita/day","370","Fc","Calculated data"
"FBS","Food Balance Sheets","79","Germany","664","Food supply (kcal/capita/day)","2946","Animal fats","1994","1994","kcal/capita/day","309","Fc","Calculated data"
"FBS","Food Balance Sheets","79","Germany","664","Food supply (kcal/capita/day)","2948","Milk - Excluding Butter","1994","1994","kcal/capita/day","270","Fc","Calculated data"
"FBS","Food Balance Sheets","79","Germany","664","Food supply (kcal/capita/day)","2960","Fish, Seafood","1994","1994","kcal/capita/day","23","Fc","Calculated data"
"FBS","Food Balance Sheets","79","Germany","664","Food supply (kcal/capita/day)","2901","Grand Total","1995","1995","kcal/capita/day","3249","Fc","Calculated data"
"FBS","Food Balance Sheets","79","Germany","664","Food supply (kcal/capita/day)","2909","Sugar & Sweeteners","1995","1995","kcal/capita/day","430","Fc","Calculated data"
"FBS","Food Balance Sheets","79","Germany","664","Food supply (kcal/capita/day)","2914","Vegetable Oils","1995","1995","kcal/capita/day","394","Fc","Calculated data"
"FBS","Food Balance Sheets","79","Germany","664","Food supply (kcal/capita/day)","2918","Vegetables","1995","1995","kcal/capita/day","56","Fc","Calculated data"
"FBS","Food Balance Sheets","79","Germany","664","Food supply (kcal/capita/day)","2919","Fruits - Excluding Wine","1995","1995","kcal/capita/day","96","Fc","Calculated data"
"FBS","Food Balance Sheets","79","Germany","664","Food supply (kcal/capita/day)","2924","Alcoholic Beverages","1995","1995","kcal/capita/day","252","Fc","Calculated data"
"FBS","Food Balance Sheets","79","Germany","664","Food supply (kcal/capita/day)","2941","Animal Products","1995","1995","kcal/capita/day","1028","Fc","Calculated data"
"FBS","Food Balance Sheets","79","Germany","664","Food supply (kcal/capita/day)","2943","Meat","1995","1995","kcal/capita/day","353","Fc","Calculated data"
"FBS","Food Balance Sheets","79","Germany","664","Food supply (kcal/capita/day)","2946","Animal fats","1995","1995","kcal/capita/day","320","Fc","Calculated data"
"FBS","Food Balance Sheets","79","Germany","664","Food supply (kcal/capita/day)","2948","Milk - Excluding Butter","1995","1995","kcal/capita/day","269","Fc","Calculated data"
"FBS","Food Balance Sheets","79","Germany","664","Food supply (kcal/capita/day)","2960","Fish, Seafood","1995","1995","kcal/capita/day","27","Fc","Calculated data"
"FBS","Food Balance Sheets","79","Germany","664","Food supply (kcal/capita/day)","2901","Grand Total","1996","1996","kcal/capita/day","3297","Fc","Calculated data"
"FBS","Food Balance Sheets","79","Germany","664","Food supply (kcal/capita/day)","2909","Sugar & Sweeteners","1996","1996","kcal/capita/day","391","Fc","Calculated data"
"FBS","Food Balance Sheets","79","Germany","664","Food supply (kcal/capita/day)","2914","Vegetable Oils","1996","1996","kcal/capita/day","432","Fc","Calculated data"
"FBS","Food Balance Sheets","79","Germany","664","Food supply (kcal/capita/day)","2918","Vegetables","1996","1996","kcal/capita/day","61","Fc","Calculated data"
"FBS","Food Balance Sheets","79","Germany","664","Food supply (kcal/capita/day)","2919","Fruits - Excluding Wine","1996","1996","kcal/capita/day","117","Fc","Calculated data"
"FBS","Food Balance Sheets","79","Germany","664","Food supply (kcal/capita/day)","2924","Alcoholic Beverages","1996","1996","kcal/capita/day","252","Fc","Calculated data"
"FBS","Food Balance Sheets","79","Germany","664","Food supply (kcal/capita/day)","2941","Animal Products","1996","1996","kcal/capita/day","1046","Fc","Calculated data"
"FBS","Food Balance Sheets","79","Germany","664","Food supply (kcal/capita/day)","2943","Meat","1996","1996","kcal/capita/day","367","Fc","Calculated data"
"FBS","Food Balance Sheets","79","Germany","664","Food supply (kcal/capita/day)","2946","Animal fats","1996","1996","kcal/capita/day","315","Fc","Calculated data"
"FBS","Food Balance Sheets","79","Germany","664","Food supply (kcal/capita/day)","2948","Milk - Excluding Butter","1996","1996","kcal/capita/day","265","Fc","Calculated data"
"FBS","Food Balance Sheets","79","Germany","664","Food supply (kcal/capita/day)","2960","Fish, Seafood","1996","1996","kcal/capita/day","37","Fc","Calculated data"
"FBS","Food Balance Sheets","79","Germany","664","Food supply (kcal/capita/day)","2901","Grand Total","1997","1997","kcal/capita/day","3176","Fc","Calculated data"
"FBS","Food Balance Sheets","79","Germany","664","Food supply (kcal/capita/day)","2909","Sugar & Sweeteners","1997","1997","kcal/capita/day","411","Fc","Calculated data"
"FBS","Food Balance Sheets","79","Germany","664","Food supply (kcal/capita/day)","2914","Vegetable Oils","1997","1997","kcal/capita/day","436","Fc","Calculated data"
"FBS","Food Balance Sheets","79","Germany","664","Food supply (kcal/capita/day)","2918","Vegetables","1997","1997","kcal/capita/day","59","Fc","Calculated data"
"FBS","Food Balance Sheets","79","Germany","664","Food supply (kcal/capita/day)","2919","Fruits - Excluding Wine","1997","1997","kcal/capita/day","100","Fc","Calculated data"
"FBS","Food Balance Sheets","79","Germany","664","Food supply (kcal/capita/day)","2924","Alcoholic Beverages","1997","1997","kcal/capita/day","252","Fc","Calculated data"
"FBS","Food Balance Sheets","79","Germany","664","Food supply (kcal/capita/day)","2941","Animal Products","1997","1997","kcal/capita/day","1024","Fc","Calculated data"
"FBS","Food Balance Sheets","79","Germany","664","Food supply (kcal/capita/day)","2943","Meat","1997","1997","kcal/capita/day","353","Fc","Calculated data"
"FBS","Food Balance Sheets","79","Germany","664","Food supply (kcal/capita/day)","2946","Animal fats","1997","1997","kcal/capita/day","307","Fc","Calculated data"
"FBS","Food Balance Sheets","79","Germany","664","Food supply (kcal/capita/day)","2948","Milk - Excluding Butter","1997","1997","kcal/capita/day","264","Fc","Calculated data"
"FBS","Food Balance Sheets","79","Germany","664","Food supply (kcal/capita/day)","2960","Fish, Seafood","1997","1997","kcal/capita/day","39","Fc","Calculated data"
"FBS","Food Balance Sheets","79","Germany","664","Food supply (kcal/capita/day)","2901","Grand Total","1998","1998","kcal/capita/day","3285","Fc","Calculated data"
"FBS","Food Balance Sheets","79","Germany","664","Food supply (kcal/capita/day)","2909","Sugar & Sweeteners","1998","1998","kcal/capita/day","397","Fc","Calculated data"
"FBS","Food Balance Sheets","79","Germany","664","Food supply (kcal/capita/day)","2914","Vegetable Oils","1998","1998","kcal/capita/day","416","Fc","Calculated data"
"FBS","Food Balance Sheets","79","Germany","664","Food supply (kcal/capita/day)","2918","Vegetables","1998","1998","kcal/capita/day","60","Fc","Calculated data"
"FBS","Food Balance Sheets","79","Germany","664","Food supply (kcal/capita/day)","2919","Fruits - Excluding Wine","1998","1998","kcal/capita/day","99","Fc","Calculated data"
"FBS","Food Balance Sheets","79","Germany","664","Food supply (kcal/capita/day)","2924","Alcoholic Beverages","1998","1998","kcal/capita/day","254","Fc","Calculated data"
"FBS","Food Balance Sheets","79","Germany","664","Food supply (kcal/capita/day)","2941","Animal Products","1998","1998","kcal/capita/day","1044","Fc","Calculated data"
"FBS","Food Balance Sheets","79","Germany","664","Food supply (kcal/capita/day)","2943","Meat","1998","1998","kcal/capita/day","375","Fc","Calculated data"
"FBS","Food Balance Sheets","79","Germany","664","Food supply (kcal/capita/day)","2946","Animal fats","1998","1998","kcal/capita/day","311","Fc","Calculated data"
"FBS","Food Balance Sheets","79","Germany","664","Food supply (kcal/capita/day)","2948","Milk - Excluding Butter","1998","1998","kcal/capita/day","256","Fc","Calculated data"
"FBS","Food Balance Sheets","79","Germany","664","Food supply (kcal/capita/day)","2960","Fish, Seafood","1998","1998","kcal/capita/day","42","Fc","Calculated data"
"FBS","Food Balance Sheets","79","Germany","664","Food supply (kcal/capita/day)","2901","Grand Total","1999","1999","kcal/capita/day","3279","Fc","Calculated data"
"FBS","Food Balance Sheets","79","Germany","664","Food supply (kcal/capita/day)","2909","Sugar & Sweeteners","1999","1999","kcal/capita/day","402","Fc","Calculated data"
"FBS","Food Balance Sheets","79","Germany","664","Food supply (kcal/capita/day)","2914","Vegetable Oils","1999","1999","kcal/capita/day","398","Fc","Calculated data"
"FBS","Food Balance Sheets","79","Germany","664","Food supply (kcal/capita/day)","2918","Vegetables","1999","1999","kcal/capita/day","63","Fc","Calculated data"
"FBS","Food Balance Sheets","79","Germany","664","Food supply (kcal/capita/day)","2919","Fruits - Excluding Wine","1999","1999","kcal/capita/day","101","Fc","Calculated data"
"FBS","Food Balance Sheets","79","Germany","664","Food supply (kcal/capita/day)","2924","Alcoholic Beverages","1999","1999","kcal/capita/day","260","Fc","Calculated data"
"FBS","Food Balance Sheets","79","Germany","664","Food supply (kcal/capita/day)","2941","Animal Products","1999","1999","kcal/capita/day","1035","Fc","Calculated data"
"FBS","Food Balance Sheets","79","Germany","664","Food supply (kcal/capita/day)","2943","Meat","1999","1999","kcal/capita/day","357","Fc","Calculated data"
"FBS","Food Balance Sheets","79","Germany","664","Food supply (kcal/capita/day)","2946","Animal fats","1999","1999","kcal/capita/day","314","Fc","Calculated data"
"FBS","Food Balance Sheets","79","Germany","664","Food supply (kcal/capita/day)","2948","Milk - Excluding Butter","1999","1999","kcal/capita/day","268","Fc","Calculated data"
"FBS","Food Balance Sheets","79","Germany","664","Food supply (kcal/capita/day)","2960","Fish, Seafood","1999","1999","kcal/capita/day","36","Fc","Calculated data"
"FBS","Food Balance Sheets","79","Germany","664","Food supply (kcal/capita/day)","2901","Grand Total","2000","2000","kcal/capita/day","3336","Fc","Calculated data"
"FBS","Food Balance Sheets","79","Germany","664","Food supply (kcal/capita/day)","2909","Sugar & Sweeteners","2000","2000","kcal/capita/day","409","Fc","Calculated data"
"FBS","Food Balance Sheets","79","Germany","664","Food supply (kcal/capita/day)","2914","Vegetable Oils","2000","2000","kcal/capita/day","435","Fc","Calculated data"
"FBS","Food Balance Sheets","79","Germany","664","Food supply (kcal/capita/day)","2918","Vegetables","2000","2000","kcal/capita/day","63","Fc","Calculated data"
"FBS","Food Balance Sheets","79","Germany","664","Food supply (kcal/capita/day)","2919","Fruits - Excluding Wine","2000","2000","kcal/capita/day","138","Fc","Calculated data"
"FBS","Food Balance Sheets","79","Germany","664","Food supply (kcal/capita/day)","2924","Alcoholic Beverages","2000","2000","kcal/capita/day","253","Fc","Calculated data"
"FBS","Food Balance Sheets","79","Germany","664","Food supply (kcal/capita/day)","2941","Animal Products","2000","2000","kcal/capita/day","1012","Fc","Calculated data"
"FBS","Food Balance Sheets","79","Germany","664","Food supply (kcal/capita/day)","2943","Meat","2000","2000","kcal/capita/day","357","Fc","Calculated data"
"FBS","Food Balance Sheets","79","Germany","664","Food supply (kcal/capita/day)","2946","Animal fats","2000","2000","kcal/capita/day","298","Fc","Calculated data"
"FBS","Food Balance Sheets","79","Germany","664","Food supply (kcal/capita/day)","2948","Milk - Excluding Butter","2000","2000","kcal/capita/day","261","Fc","Calculated data"
"FBS","Food Balance Sheets","79","Germany","664","Food supply (kcal/capita/day)","2960","Fish, Seafood","2000","2000","kcal/capita/day","37","Fc","Calculated data"
"FBS","Food Balance Sheets","79","Germany","664","Food supply (kcal/capita/day)","2901","Grand Total","2001","2001","kcal/capita/day","3363","Fc","Calculated data"
"FBS","Food Balance Sheets","79","Germany","664","Food supply (kcal/capita/day)","2909","Sugar & Sweeteners","2001","2001","kcal/capita/day","445","Fc","Calculated data"
"FBS","Food Balance Sheets","79","Germany","664","Food supply (kcal/capita/day)","2914","Vegetable Oils","2001","2001","kcal/capita/day","388","Fc","Calculated data"
"FBS","Food Balance Sheets","79","Germany","664","Food supply (kcal/capita/day)","2918","Vegetables","2001","2001","kcal/capita/day","67","Fc","Calculated data"
"FBS","Food Balance Sheets","79","Germany","664","Food supply (kcal/capita/day)","2919","Fruits - Excluding Wine","2001","2001","kcal/capita/day","105","Fc","Calculated data"
"FBS","Food Balance Sheets","79","Germany","664","Food supply (kcal/capita/day)","2924","Alcoholic Beverages","2001","2001","kcal/capita/day","250","Fc","Calculated data"
"FBS","Food Balance Sheets","79","Germany","664","Food supply (kcal/capita/day)","2941","Animal Products","2001","2001","kcal/capita/day","1029","Fc","Calculated data"
"FBS","Food Balance Sheets","79","Germany","664","Food supply (kcal/capita/day)","2943","Meat","2001","2001","kcal/capita/day","347","Fc","Calculated data"
"FBS","Food Balance Sheets","79","Germany","664","Food supply (kcal/capita/day)","2946","Animal fats","2001","2001","kcal/capita/day","302","Fc","Calculated data"
"FBS","Food Balance Sheets","79","Germany","664","Food supply (kcal/capita/day)","2948","Milk - Excluding Butter","2001","2001","kcal/capita/day","283","Fc","Calculated data"
"FBS","Food Balance Sheets","79","Germany","664","Food supply (kcal/capita/day)","2960","Fish, Seafood","2001","2001","kcal/capita/day","40","Fc","Calculated data"
"FBS","Food Balance Sheets","79","Germany","664","Food supply (kcal/capita/day)","2901","Grand Total","2002","2002","kcal/capita/day","3427","Fc","Calculated data"
"FBS","Food Balance Sheets","79","Germany","664","Food supply (kcal/capita/day)","2909","Sugar & Sweeteners","2002","2002","kcal/capita/day","440","Fc","Calculated data"
"FBS","Food Balance Sheets","79","Germany","664","Food supply (kcal/capita/day)","2914","Vegetable Oils","2002","2002","kcal/capita/day","390","Fc","Calculated data"
"FBS","Food Balance Sheets","79","Germany","664","Food supply (kcal/capita/day)","2918","Vegetables","2002","2002","kcal/capita/day","66","Fc","Calculated data"
"FBS","Food Balance Sheets","79","Germany","664","Food supply (kcal/capita/day)","2919","Fruits - Excluding Wine","2002","2002","kcal/capita/day","112","Fc","Calculated data"
"FBS","Food Balance Sheets","79","Germany","664","Food supply (kcal/capita/day)","2924","Alcoholic Beverages","2002","2002","kcal/capita/day","249","Fc","Calculated data"
"FBS","Food Balance Sheets","79","Germany","664","Food supply (kcal/capita/day)","2941","Animal Products","2002","2002","kcal/capita/day","1048","Fc","Calculated data"
"FBS","Food Balance Sheets","79","Germany","664","Food supply (kcal/capita/day)","2943","Meat","2002","2002","kcal/capita/day","345","Fc","Calculated data"
"FBS","Food Balance Sheets","79","Germany","664","Food supply (kcal/capita/day)","2946","Animal fats","2002","2002","kcal/capita/day","310","Fc","Calculated data"
"FBS","Food Balance Sheets","79","Germany","664","Food supply (kcal/capita/day)","2948","Milk - Excluding Butter","2002","2002","kcal/capita/day","299","Fc","Calculated data"
"FBS","Food Balance Sheets","79","Germany","664","Food supply (kcal/capita/day)","2960","Fish, Seafood","2002","2002","kcal/capita/day","38","Fc","Calculated data"
"FBS","Food Balance Sheets","79","Germany","664","Food supply (kcal/capita/day)","2901","Grand Total","2003","2003","kcal/capita/day","3390","Fc","Calculated data"
"FBS","Food Balance Sheets","79","Germany","664","Food supply (kcal/capita/day)","2909","Sugar & Sweeteners","2003","2003","kcal/capita/day","469","Fc","Calculated data"
"FBS","Food Balance Sheets","79","Germany","664","Food supply (kcal/capita/day)","2914","Vegetable Oils","2003","2003","kcal/capita/day","392","Fc","Calculated data"
"FBS","Food Balance Sheets","79","Germany","664","Food supply (kcal/capita/day)","2918","Vegetables","2003","2003","kcal/capita/day","64","Fc","Calculated data"
"FBS","Food Balance Sheets","79","Germany","664","Food supply (kcal/capita/day)","2919","Fruits - Excluding Wine","2003","2003","kcal/capita/day","116","Fc","Calculated data"
"FBS","Food Balance Sheets","79","Germany","664","Food supply (kcal/capita/day)","2924","Alcoholic Beverages","2003","2003","kcal/capita/day","231","Fc","Calculated data"
"FBS","Food Balance Sheets","79","Germany","664","Food supply (kcal/capita/day)","2941","Animal Products","2003","2003","kcal/capita/day","1063","Fc","Calculated data"
"FBS","Food Balance Sheets","79","Germany","664","Food supply (kcal/capita/day)","2943","Meat","2003","2003","kcal/capita/day","350","Fc","Calculated data"
"FBS","Food Balance Sheets","79","Germany","664","Food supply (kcal/capita/day)","2946","Animal fats","2003","2003","kcal/capita/day","312","Fc","Calculated data"
"FBS","Food Balance Sheets","79","Germany","664","Food supply (kcal/capita/day)","2948","Milk - Excluding Butter","2003","2003","kcal/capita/day","307","Fc","Calculated data"
"FBS","Food Balance Sheets","79","Germany","664","Food supply (kcal/capita/day)","2960","Fish, Seafood","2003","2003","kcal/capita/day","40","Fc","Calculated data"
"FBS","Food Balance Sheets","79","Germany","664","Food supply (kcal/capita/day)","2901","Grand Total","2004","2004","kcal/capita/day","3411","Fc","Calculated data"
"FBS","Food Balance Sheets","79","Germany","664","Food supply (kcal/capita/day)","2909","Sugar & Sweeteners","2004","2004","kcal/capita/day","478","Fc","Calculated data"
"FBS","Food Balance Sheets","79","Germany","664","Food supply (kcal/capita/day)","2914","Vegetable Oils","2004","2004","kcal/capita/day","414","Fc","Calculated data"
"FBS","Food Balance Sheets","79","Germany","664","Food supply (kcal/capita/day)","2918","Vegetables","2004","2004","kcal/capita/day","66","Fc","Calculated data"
"FBS","Food Balance Sheets","79","Germany","664","Food supply (kcal/capita/day)","2919","Fruits - Excluding Wine","2004","2004","kcal/capita/day","110","Fc","Calculated data"
"FBS","Food Balance Sheets","79","Germany","664","Food supply (kcal/capita/day)","2924","Alcoholic Beverages","2004","2004","kcal/capita/day","238","Fc","Calculated data"
"FBS","Food Balance Sheets","79","Germany","664","Food supply (kcal/capita/day)","2941","Animal Products","2004","2004","kcal/capita/day","1037","Fc","Calculated data"
"FBS","Food Balance Sheets","79","Germany","664","Food supply (kcal/capita/day)","2943","Meat","2004","2004","kcal/capita/day","347","Fc","Calculated data"
"FBS","Food Balance Sheets","79","Germany","664","Food supply (kcal/capita/day)","2946","Animal fats","2004","2004","kcal/capita/day","289","Fc","Calculated data"
"FBS","Food Balance Sheets","79","Germany","664","Food supply (kcal/capita/day)","2948","Milk - Excluding Butter","2004","2004","kcal/capita/day","309","Fc","Calculated data"
"FBS","Food Balance Sheets","79","Germany","664","Food supply (kcal/capita/day)","2960","Fish, Seafood","2004","2004","kcal/capita/day","39","Fc","Calculated data"
"FBS","Food Balance Sheets","79","Germany","664","Food supply (kcal/capita/day)","2901","Grand Total","2005","2005","kcal/capita/day","3450","Fc","Calculated data"
"FBS","Food Balance Sheets","79","Germany","664","Food supply (kcal/capita/day)","2909","Sugar & Sweeteners","2005","2005","kcal/capita/day","496","Fc","Calculated data"
"FBS","Food Balance Sheets","79","Germany","664","Food supply (kcal/capita/day)","2914","Vegetable Oils","2005","2005","kcal/capita/day","404","Fc","Calculated data"
"FBS","Food Balance Sheets","79","Germany","664","Food supply (kcal/capita/day)","2918","Vegetables","2005","2005","kcal/capita/day","62","Fc","Calculated data"
"FBS","Food Balance Sheets","79","Germany","664","Food supply (kcal/capita/day)","2919","Fruits - Excluding Wine","2005","2005","kcal/capita/day","110","Fc","Calculated data"
"FBS","Food Balance Sheets","79","Germany","664","Food supply (kcal/capita/day)","2924","Alcoholic Beverages","2005","2005","kcal/capita/day","247","Fc","Calculated data"
"FBS","Food Balance Sheets","79","Germany","664","Food supply (kcal/capita/day)","2941","Animal Products","2005","2005","kcal/capita/day","1047","Fc","Calculated data"
"FBS","Food Balance Sheets","79","Germany","664","Food supply (kcal/capita/day)","2943","Meat","2005","2005","kcal/capita/day","342","Fc","Calculated data"
"FBS","Food Balance Sheets","79","Germany","664","Food supply (kcal/capita/day)","2946","Animal fats","2005","2005","kcal/capita/day","301","Fc","Calculated data"
"FBS","Food Balance Sheets","79","Germany","664","Food supply (kcal/capita/day)","2948","Milk - Excluding Butter","2005","2005","kcal/capita/day","313","Fc","Calculated data"
"FBS","Food Balance Sheets","79","Germany","664","Food supply (kcal/capita/day)","2960","Fish, Seafood","2005","2005","kcal/capita/day","40","Fc","Calculated data"
"FBS","Food Balance Sheets","79","Germany","664","Food supply (kcal/capita/day)","2901","Grand Total","2006","2006","kcal/capita/day","3466","Fc","Calculated data"
"FBS","Food Balance Sheets","79","Germany","664","Food supply (kcal/capita/day)","2909","Sugar & Sweeteners","2006","2006","kcal/capita/day","469","Fc","Calculated data"
"FBS","Food Balance Sheets","79","Germany","664","Food supply (kcal/capita/day)","2914","Vegetable Oils","2006","2006","kcal/capita/day","426","Fc","Calculated data"
"FBS","Food Balance Sheets","79","Germany","664","Food supply (kcal/capita/day)","2918","Vegetables","2006","2006","kcal/capita/day","63","Fc","Calculated data"
"FBS","Food Balance Sheets","79","Germany","664","Food supply (kcal/capita/day)","2919","Fruits - Excluding Wine","2006","2006","kcal/capita/day","109","Fc","Calculated data"
"FBS","Food Balance Sheets","79","Germany","664","Food supply (kcal/capita/day)","2924","Alcoholic Beverages","2006","2006","kcal/capita/day","264","Fc","Calculated data"
"FBS","Food Balance Sheets","79","Germany","664","Food supply (kcal/capita/day)","2941","Animal Products","2006","2006","kcal/capita/day","1045","Fc","Calculated data"
"FBS","Food Balance Sheets","79","Germany","664","Food supply (kcal/capita/day)","2943","Meat","2006","2006","kcal/capita/day","345","Fc","Calculated data"
"FBS","Food Balance Sheets","79","Germany","664","Food supply (kcal/capita/day)","2946","Animal fats","2006","2006","kcal/capita/day","290","Fc","Calculated data"
"FBS","Food Balance Sheets","79","Germany","664","Food supply (kcal/capita/day)","2948","Milk - Excluding Butter","2006","2006","kcal/capita/day","315","Fc","Calculated data"
"FBS","Food Balance Sheets","79","Germany","664","Food supply (kcal/capita/day)","2960","Fish, Seafood","2006","2006","kcal/capita/day","41","Fc","Calculated data"
"FBS","Food Balance Sheets","79","Germany","664","Food supply (kcal/capita/day)","2901","Grand Total","2007","2007","kcal/capita/day","3527","Fc","Calculated data"
"FBS","Food Balance Sheets","79","Germany","664","Food supply (kcal/capita/day)","2909","Sugar & Sweeteners","2007","2007","kcal/capita/day","447","Fc","Calculated data"
"FBS","Food Balance Sheets","79","Germany","664","Food supply (kcal/capita/day)","2914","Vegetable Oils","2007","2007","kcal/capita/day","438","Fc","Calculated data"
"FBS","Food Balance Sheets","79","Germany","664","Food supply (kcal/capita/day)","2918","Vegetables","2007","2007","kcal/capita/day","63","Fc","Calculated data"
"FBS","Food Balance Sheets","79","Germany","664","Food supply (kcal/capita/day)","2919","Fruits - Excluding Wine","2007","2007","kcal/capita/day","106","Fc","Calculated data"
"FBS","Food Balance Sheets","79","Germany","664","Food supply (kcal/capita/day)","2924","Alcoholic Beverages","2007","2007","kcal/capita/day","259","Fc","Calculated data"
"FBS","Food Balance Sheets","79","Germany","664","Food supply (kcal/capita/day)","2941","Animal Products","2007","2007","kcal/capita/day","1084","Fc","Calculated data"
"FBS","Food Balance Sheets","79","Germany","664","Food supply (kcal/capita/day)","2943","Meat","2007","2007","kcal/capita/day","363","Fc","Calculated data"
"FBS","Food Balance Sheets","79","Germany","664","Food supply (kcal/capita/day)","2946","Animal fats","2007","2007","kcal/capita/day","297","Fc","Calculated data"
"FBS","Food Balance Sheets","79","Germany","664","Food supply (kcal/capita/day)","2948","Milk - Excluding Butter","2007","2007","kcal/capita/day","330","Fc","Calculated data"
"FBS","Food Balance Sheets","79","Germany","664","Food supply (kcal/capita/day)","2960","Fish, Seafood","2007","2007","kcal/capita/day","41","Fc","Calculated data"
"FBS","Food Balance Sheets","79","Germany","664","Food supply (kcal/capita/day)","2901","Grand Total","2008","2008","kcal/capita/day","3517","Fc","Calculated data"
"FBS","Food Balance Sheets","79","Germany","664","Food supply (kcal/capita/day)","2909","Sugar & Sweeteners","2008","2008","kcal/capita/day","481","Fc","Calculated data"
"FBS","Food Balance Sheets","79","Germany","664","Food supply (kcal/capita/day)","2914","Vegetable Oils","2008","2008","kcal/capita/day","447","Fc","Calculated data"
"FBS","Food Balance Sheets","79","Germany","664","Food supply (kcal/capita/day)","2918","Vegetables","2008","2008","kcal/capita/day","64","Fc","Calculated data"
"FBS","Food Balance Sheets","79","Germany","664","Food supply (kcal/capita/day)","2919","Fruits - Excluding Wine","2008","2008","kcal/capita/day","104","Fc","Calculated data"
"FBS","Food Balance Sheets","79","Germany","664","Food supply (kcal/capita/day)","2924","Alcoholic Beverages","2008","2008","kcal/capita/day","249","Fc","Calculated data"
"FBS","Food Balance Sheets","79","Germany","664","Food supply (kcal/capita/day)","2941","Animal Products","2008","2008","kcal/capita/day","1061","Fc","Calculated data"
"FBS","Food Balance Sheets","79","Germany","664","Food supply (kcal/capita/day)","2943","Meat","2008","2008","kcal/capita/day","356","Fc","Calculated data"
"FBS","Food Balance Sheets","79","Germany","664","Food supply (kcal/capita/day)","2946","Animal fats","2008","2008","kcal/capita/day","292","Fc","Calculated data"
"FBS","Food Balance Sheets","79","Germany","664","Food supply (kcal/capita/day)","2948","Milk - Excluding Butter","2008","2008","kcal/capita/day","318","Fc","Calculated data"
"FBS","Food Balance Sheets","79","Germany","664","Food supply (kcal/capita/day)","2960","Fish, Seafood","2008","2008","kcal/capita/day","42","Fc","Calculated data"
"FBS","Food Balance Sheets","79","Germany","664","Food supply (kcal/capita/day)","2901","Grand Total","2009","2009","kcal/capita/day","3515","Fc","Calculated data"
"FBS","Food Balance Sheets","79","Germany","664","Food supply (kcal/capita/day)","2909","Sugar & Sweeteners","2009","2009","kcal/capita/day","466","Fc","Calculated data"
"FBS","Food Balance Sheets","79","Germany","664","Food supply (kcal/capita/day)","2914","Vegetable Oils","2009","2009","kcal/capita/day","427","Fc","Calculated data"
"FBS","Food Balance Sheets","79","Germany","664","Food supply (kcal/capita/day)","2918","Vegetables","2009","2009","kcal/capita/day","66","Fc","Calculated data"
"FBS","Food Balance Sheets","79","Germany","664","Food supply (kcal/capita/day)","2919","Fruits - Excluding Wine","2009","2009","kcal/capita/day","104","Fc","Calculated data"
"FBS","Food Balance Sheets","79","Germany","664","Food supply (kcal/capita/day)","2924","Alcoholic Beverages","2009","2009","kcal/capita/day","255","Fc","Calculated data"
"FBS","Food Balance Sheets","79","Germany","664","Food supply (kcal/capita/day)","2941","Animal Products","2009","2009","kcal/capita/day","1074","Fc","Calculated data"
"FBS","Food Balance Sheets","79","Germany","664","Food supply (kcal/capita/day)","2943","Meat","2009","2009","kcal/capita/day","358","Fc","Calculated data"
"FBS","Food Balance Sheets","79","Germany","664","Food supply (kcal/capita/day)","2946","Animal fats","2009","2009","kcal/capita/day","284","Fc","Calculated data"
"FBS","Food Balance Sheets","79","Germany","664","Food supply (kcal/capita/day)","2948","Milk - Excluding Butter","2009","2009","kcal/capita/day","341","Fc","Calculated data"
"FBS","Food Balance Sheets","79","Germany","664","Food supply (kcal/capita/day)","2960","Fish, Seafood","2009","2009","kcal/capita/day","39","Fc","Calculated data"
"FBS","Food Balance Sheets","79","Germany","664","Food supply (kcal/capita/day)","2901","Grand Total","2010","2010","kcal/capita/day","3504","Fc","Calculated data"
"FBS","Food Balance Sheets","79","Germany","664","Food supply (kcal/capita/day)","2909","Sugar & Sweeteners","2010","2010","kcal/capita/day","485","Fc","Calculated data"
"FBS","Food Balance Sheets","79","Germany","664","Food supply (kcal/capita/day)","2914","Vegetable Oils","2010","2010","kcal/capita/day","424","Fc","Calculated data"
"FBS","Food Balance Sheets","79","Germany","664","Food supply (kcal/capita/day)","2918","Vegetables","2010","2010","kcal/capita/day","65","Fc","Calculated data"
"FBS","Food Balance Sheets","79","Germany","664","Food supply (kcal/capita/day)","2919","Fruits - Excluding Wine","2010","2010","kcal/capita/day","100","Fc","Calculated data"
"FBS","Food Balance Sheets","79","Germany","664","Food supply (kcal/capita/day)","2924","Alcoholic Beverages","2010","2010","kcal/capita/day","232","Fc","Calculated data"
"FBS","Food Balance Sheets","79","Germany","664","Food supply (kcal/capita/day)","2941","Animal Products","2010","2010","kcal/capita/day","1079","Fc","Calculated data"
"FBS","Food Balance Sheets","79","Germany","664","Food supply (kcal/capita/day)","2943","Meat","2010","2010","kcal/capita/day","365","Fc","Calculated data"
"FBS","Food Balance Sheets","79","Germany","664","Food supply (kcal/capita/day)","2946","Animal fats","2010","2010","kcal/capita/day","292","Fc","Calculated data"
"FBS","Food Balance Sheets","79","Germany","664","Food supply (kcal/capita/day)","2948","Milk - Excluding Butter","2010","2010","kcal/capita/day","332","Fc","Calculated data"
"FBS","Food Balance Sheets","79","Germany","664","Food supply (kcal/capita/day)","2960","Fish, Seafood","2010","2010","kcal/capita/day","39","Fc","Calculated data"
"FBS","Food Balance Sheets","79","Germany","664","Food supply (kcal/capita/day)","2901","Grand Total","2011","2011","kcal/capita/day","3538","Fc","Calculated data"
"FBS","Food Balance Sheets","79","Germany","664","Food supply (kcal/capita/day)","2909","Sugar & Sweeteners","2011","2011","kcal/capita/day","473","Fc","Calculated data"
"FBS","Food Balance Sheets","79","Germany","664","Food supply (kcal/capita/day)","2914","Vegetable Oils","2011","2011","kcal/capita/day","417","Fc","Calculated data"
"FBS","Food Balance Sheets","79","Germany","664","Food supply (kcal/capita/day)","2918","Vegetables","2011","2011","kcal/capita/day","68","Fc","Calculated data"
"FBS","Food Balance Sheets","79","Germany","664","Food supply (kcal/capita/day)","2919","Fruits - Excluding Wine","2011","2011","kcal/capita/day","109","Fc","Calculated data"
"FBS","Food Balance Sheets","79","Germany","664","Food supply (kcal/capita/day)","2924","Alcoholic Beverages","2011","2011","kcal/capita/day","237","Fc","Calculated data"
"FBS","Food Balance Sheets","79","Germany","664","Food supply (kcal/capita/day)","2941","Animal Products","2011","2011","kcal/capita/day","1090","Fc","Calculated data"
"FBS","Food Balance Sheets","79","Germany","664","Food supply (kcal/capita/day)","2943","Meat","2011","2011","kcal/capita/day","365","Fc","Calculated data"
"FBS","Food Balance Sheets","79","Germany","664","Food supply (kcal/capita/day)","2946","Animal fats","2011","2011","kcal/capita/day","298","Fc","Calculated data"
"FBS","Food Balance Sheets","79","Germany","664","Food supply (kcal/capita/day)","2948","Milk - Excluding Butter","2011","2011","kcal/capita/day","335","Fc","Calculated data"
"FBS","Food Balance Sheets","79","Germany","664","Food supply (kcal/capita/day)","2960","Fish, Seafood","2011","2011","kcal/capita/day","40","Fc","Calculated data"
"FBS","Food Balance Sheets","79","Germany","664","Food supply (kcal/capita/day)","2901","Grand Total","2012","2012","kcal/capita/day","3501","Fc","Calculated data"
"FBS","Food Balance Sheets","79","Germany","664","Food supply (kcal/capita/day)","2909","Sugar & Sweeteners","2012","2012","kcal/capita/day","461","Fc","Calculated data"
"FBS","Food Balance Sheets","79","Germany","664","Food supply (kcal/capita/day)","2914","Vegetable Oils","2012","2012","kcal/capita/day","443","Fc","Calculated data"
"FBS","Food Balance Sheets","79","Germany","664","Food supply (kcal/capita/day)","2918","Vegetables","2012","2012","kcal/capita/day","70","Fc","Calculated data"
"FBS","Food Balance Sheets","79","Germany","664","Food supply (kcal/capita/day)","2919","Fruits - Excluding Wine","2012","2012","kcal/capita/day","108","Fc","Calculated data"
"FBS","Food Balance Sheets","79","Germany","664","Food supply (kcal/capita/day)","2924","Alcoholic Beverages","2012","2012","kcal/capita/day","243","Fc","Calculated data"
"FBS","Food Balance Sheets","79","Germany","664","Food supply (kcal/capita/day)","2941","Animal Products","2012","2012","kcal/capita/day","1061","Fc","Calculated data"
"FBS","Food Balance Sheets","79","Germany","664","Food supply (kcal/capita/day)","2943","Meat","2012","2012","kcal/capita/day","357","Fc","Calculated data"
"FBS","Food Balance Sheets","79","Germany","664","Food supply (kcal/capita/day)","2946","Animal fats","2012","2012","kcal/capita/day","287","Fc","Calculated data"
"FBS","Food Balance Sheets","79","Germany","664","Food supply (kcal/capita/day)","2948","Milk - Excluding Butter","2012","2012","kcal/capita/day","328","Fc","Calculated data"
"FBS","Food Balance Sheets","79","Germany","664","Food supply (kcal/capita/day)","2960","Fish, Seafood","2012","2012","kcal/capita/day","39","Fc","Calculated data"
"FBS","Food Balance Sheets","79","Germany","664","Food supply (kcal/capita/day)","2901","Grand Total","2013","2013","kcal/capita/day","3499","Fc","Calculated data"
"FBS","Food Balance Sheets","79","Germany","664","Food supply (kcal/capita/day)","2909","Sugar & Sweeteners","2013","2013","kcal/capita/day","469","Fc","Calculated data"
"FBS","Food Balance Sheets","79","Germany","664","Food supply (kcal/capita/day)","2914","Vegetable Oils","2013","2013","kcal/capita/day","443","Fc","Calculated data"
"FBS","Food Balance Sheets","79","Germany","664","Food supply (kcal/capita/day)","2918","Vegetables","2013","2013","kcal/capita/day","68","Fc","Calculated data"
"FBS","Food Balance Sheets","79","Germany","664","Food supply (kcal/capita/day)","2919","Fruits - Excluding Wine","2013","2013","kcal/capita/day","111","Fc","Calculated data"
"FBS","Food Balance Sheets","79","Germany","664","Food supply (kcal/capita/day)","2924","Alcoholic Beverages","2013","2013","kcal/capita/day","255","Fc","Calculated data"
"FBS","Food Balance Sheets","79","Germany","664","Food supply (kcal/capita/day)","2941","Animal Products","2013","2013","kcal/capita/day","1044","Fc","Calculated data"
"FBS","Food Balance Sheets","79","Germany","664","Food supply (kcal/capita/day)","2943","Meat","2013","2013","kcal/capita/day","353","Fc","Calculated data"
"FBS","Food Balance Sheets","79","Germany","664","Food supply (kcal/capita/day)","2946","Animal fats","2013","2013","kcal/capita/day","273","Fc","Calculated data"
"FBS","Food Balance Sheets","79","Germany","664","Food supply (kcal/capita/day)","2948","Milk - Excluding Butter","2013","2013","kcal/capita/day","331","Fc","Calculated data"
"FBS","Food Balance Sheets","79","Germany","664","Food supply (kcal/capita/day)","2960","Fish, Seafood","2013","2013","kcal/capita/day","37","Fc","Calculated data"
