 Location ,Gender,Age,Age_bins,Seniority,Seniority_bins,satisfaction_with_administration_general,Times_approched_accounting,reasons_approched_accounting_1,reasons_approched_accounting_2,reasons_approched_accounting_3,reasons_approched_accounting_4,reasons_approched_accounting_5,reasons_approched_accounting_6,reasons_approched_accounting_7,Last_aprproch_Evaluation_accounting ,accounting_evaluation_breack_down_Q1,accounting_evaluation_breack_down_Q2,accounting_evaluation_breack_down_Q3,accounting_evaluation_breack_down_Q4,accounting_evaluation_breack_down_Q5,accounting_evaluation_breack_down_Q6,accounting_evaluation_breack_down_Q7,accounting_evaluation_breack_down_Q8,Times_approched_HR,reasons_approched_HR_1,reasons_approched_HR_2,reasons_approched_HR_3,reasons_approched_HR_4,reasons_approched_HR_5,reasons_approched_HR_6,Last_aprproch_Evaluation_HR,HR_evaluation_breack_down_Q1,HR_evaluation_breack_down_Q2,HR_evaluation_breack_down_Q3,HR_evaluation_breack_down_Q4,HR_evaluation_breack_down_Q5,HR_evaluation_breack_down_Q6,HR_evaluation_breack_down_Q7,HR_evaluation_breack_down_Q8,HR_evaluation_breack_down_Q9,HR_evaluation_breack_down_Q10,Times approached Office Management,reasons_approched_Office Management_1,reasons_approched_Office Management_2,reasons_approched_Office Management_3,reasons_approched_Office Management_4,reasons_approched_Office Management_5,reasons_approched_Office Management_6,reasons_approched_Office Management_7,Last_aprproch_Evaluation_Office Management ,Office Management__evaluation_break down_Q1,Office Management__evaluation_break down_Q2,Office Management__evaluation_break down_Q3,Office Management__evaluation_break down_Q4,Office Management__evaluation_break down_Q5,Office Management__evaluation_break down_Q6,Office Management__evaluation_break down_Q7,Office Management__evaluation_break down_Q8,Office Management__evaluation_break down_Q9,Office Management__evaluation_break down_Q10,General_Evaluation_security_department ,Security_department_evaluation_break down_Q1,Security_department_evaluation_break down_Q2,Security_department_evaluation_break down_Q3,Security_department_evaluation_break down_Q4,Security_department_evaluation_break down_Q5,Security_department_evaluation_break down_Q6,Security_department_evaluation_break down_Q7,Security_department_evaluation_break down_Q8,Security_department_evaluation_break down_Q9,Security_department_evaluation_break down_Q10,Security_department_evaluation_break down_Q11,General_Evaluation_data&records_department,data&records_department_evaluation_break down_Q1,data&records_department_evaluation_break down_Q2,data&records_department_evaluation_break down_Q3
City_1(HQ),Female,3.00,C. 31 to 40 ,3.00,C. 6 to 10 years,8,C. Twice,3.00,4.00,5.00,,,,,3,6,6,3,6,8,6,9,7,D. 3 to 4 times,3.00,4.00,5.00,,,,6,3,4,5,4,,,3,8,6,6,B. Once,3.00,,,,,,,1,5,2,3,4,,,,,4,4,4,9,9,7,7,,,,,,,,,,,
City_2(main devlopment center),Male,4.00,D. 41 to 50,3.00,D. 11 to 20 years,10,A. Zero times,1.00,,,,,,,,,,,8,,8,4,8,C. Twice,6.00,,,,,,7,,9,9,9,,8,8,8,8,8,E. 5 times or more,1.00,2.00,3.00,5.00,7.00,,,10,9,9,10,10,10,10,10,10,10,10,9,8,8,10,7,9,9,8,10,9,8,9,8,8,8,8
City_3(lastest expantion),Female,2.00,B. 21 to 30,3.00,C. 6 to 10 years,8,C. Twice,3.00,4.00,,,,,,8,,,,,8,,,,A. Zero times,,,,,,,,9,6,9,,,,,,,,E. 5 times or more,1.00,2.00,3.00,,,,,10,10,10,10,10,10,10,10,10,10,10,8,6,8,,8,8,,8,,8,8,6,,10,10,10
City_3(lastest expantion),Female,2.00,B. 21 to 30,1.00,A. upto 2 years,7,E. 5 times or more,5.00,1.00,2.00,3.00,4.00,5.00,,9,9,9,9,9,8,8,8,8,C. Twice,3.00,,,,,,7,7,10,8,,,,8,8,8,8,B. Once,5.00,,,,,,,9,10,10,10,,,,,10,10,10,,10,10,8,10,10,,,,,,,,,,
City_3(lastest expantion),Female,4.00,D. 41 to 50,4.00,D. 11 to 20 years,5,D. 3 to 4 times,4.00,1.00,2.00,3.00,4.00,,,9,9,9,9,9,7,9,9,8,D. 3 to 4 times,3.00,,,,,,8,,,8,,,,,7,6,6,C. Twice,5.00,,,,,,,8,9,9,9,2,,,,,9,9,9,9,9,,9,9,9,8,,9,9,9,,,,
City_2(main devlopment center),Male,4.00,D. 41 to 50,3.00,C. 6 to 10 years,8,E. 5 times or more,5.00,6.00,,,,,7.00,4,,,,9,,7,7,8,E. 5 times or more,3.00,5.00,8.00,9.00,,,9,,9,8,9,,9,9,9,9,9,E. 5 times or more,1.00,2.00,3.00,4.00,5.00,6.00,7.00,10,9,8,9,9,6,7,9,9,9,9,8,9,9,9,9,9,9,9,9,9,9,9,,,,
Remote,Male,4.00,D. 41 to 50,1.00,A. upto 2 years,8,E. 5 times or more,5.00,1.00,,,,,,8,9,9,9,9,9,9,9,9,D. 3 to 4 times,1.00,6.00,,,,,8,9,,9,9,,,9,9,9,8,D. 3 to 4 times,1.00,3.00,5.00,,,,,,9,9,9,9,,9,,8,7,9,8,10,8,,,,,,10,10,10,10,,,,
City_3(lastest expantion),Female,2.00,B. 21 to 30,3.00,C. 6 to 10 years,10,E. 5 times or more,5.00,1.00,2.00,4.00,6.00,,,8,8,8,8,8,8,8,8,9,E. 5 times or more,1.00,3.00,4.00,5.00,,,9,10,,9,9,,,9,9,10,9,E. 5 times or more,1.00,2.00,3.00,4.00,5.00,6.00,7.00,10,10,10,10,10,10,10,10,10,10,10,10,10,9,10,9,8,10,10,,10,10,10,10,10,,10
City_2(main devlopment center),Female,4.00,D. 41 to 50,2.00,B. 3 to 5 years,9,D. 3 to 4 times,4.00,1.00,4.00,5.00,,,,9,9,9,9,9,9,9,9,9,D. 3 to 4 times,3.00,8.00,,,,,9,,9,9,,,9,9,9,9,9,D. 3 to 4 times,2.00,,,,,,,9,8,8,8,,,,,9,9,9,9,9,9,9,9,9,,9,9,9,9,9,,,,
City_1(HQ),Male,3.00,C. 31 to 40 ,1.00,A. upto 2 years,8,D. 3 to 4 times,4.00,3.00,4.00,5.00,,,,8,9,8,8,9,9,8,8,8,D. 3 to 4 times,3.00,4.00,,,,,10,9,9,10,9,,,8,8,8,9,B. Once,5.00,7.00,,,,,,9,8,8,8,8,,,,8,6,8,8,8,8,8,9,9,9,8,8,8,8,9,8,8,8,9
City_1(HQ),Female,5.00,E. 51 and older ,5.00,E. More then 20,9,D. 3 to 4 times,4.00,5.00,,,,,,9,,,,,,10,10,10,B. Once,,,,,,,9,,,,,,,,,,,E. 5 times or more,4.00,,,,,,,10,9,9,10,9,10,,,,6,9,10,10,10,,10,,,,,9,9,9,,,,
City_3(lastest expantion),Male,4.00,D. 41 to 50,4.00,D. 11 to 20 years,8,D. 3 to 4 times,4.00,2.00,3.00,6.00,,,,10,10,10,10,10,10,10,9,10,A. Zero times,,,,,,,,,9,10,,,,8,8,9,9,E. 5 times or more,1.00,2.00,4.00,7.00,,,,10,10,10,10,10,,10,10,10,10,10,10,10,10,10,10,10,10,10,,10,9,10,,,,
City_1(HQ),Male,4.00,D. 41 to 50,4.00,D. 11 to 20 years,9,A. Zero times,1.00,,,,,,,,,,,,,8,8,10,C. Twice,4.00,,,,,,9,,,9,,,8,8,8,10,9,D. 3 to 4 times,1.00,7.00,,,,,,10,8,8,7,,,,,9,4,9,8,8,,,8,8,,,9,9,8,9,8,7,8,8
City_1(HQ),Female,3.00,C. 31 to 40 ,4.00,D. 11 to 20 years,9,D. 3 to 4 times,4.00,2.00,4.00,,,,,10,,10,10,,10,10,10,10,D. 3 to 4 times,3.00,4.00,,,,,10,,,10,,,,10,10,10,10,E. 5 times or more,1.00,2.00,3.00,4.00,7.00,,,9,9,9,9,9,,,,9,6,10,10,10,10,10,10,10,,,10,10,10,10,,,,
City_2(main devlopment center),Female,2.00,B. 21 to 30,3.00,C. 6 to 10 years,9,E. 5 times or more,5.00,6.00,,,,,,7,10,10,10,10,10,9,9,9,A. Zero times,,,,,,,,,,10,,,,10,10,10,10,E. 5 times or more,1.00,2.00,3.00,,,,,10,10,6,10,,,,,10,10,10,10,10,10,,10,10,,10,10,10,10,10,,,,
City_2(main devlopment center),Female,5.00,E. 51 and older ,4.00,D. 11 to 20 years,7,C. Twice,3.00,5.00,,,,,,8,8,,,8,,8,8,8,D. 3 to 4 times,3.00,4.00,,,,,9,,,9,10,,,9,9,9,10,E. 5 times or more,7.00,,,,,,,9,7,7,8,8,,,9,10,10,9,8,7,7,9,9,9,9,7,7,8,7,7,,,,
City_1(HQ),Male,2.00,B. 21 to 30,1.00,A. upto 2 years,8,D. 3 to 4 times,4.00,1.00,5.00,,,,7.00,,,,,7,8,,,,C. Twice,6.00,3.00,1.00,,,,8,10,,,,,,8,8,9,,A. Zero Times,,,,,,,,,,,,,,,,,1,,10,10,10,3,9,9,8,9,10,8,9,9,,,,
City_1(HQ),Male,4.00,D. 41 to 50,4.00,D. 11 to 20 years,7,C. Twice,3.00,,,,,,,,,,,,,,,,A. Zero times,,,,,,,,1,1,7,7,,7,8,8,9,5,E. 5 times or more,1.00,,,,,,,10,9,9,9,,,9,9,9,9,9,9,9,9,9,9,9,9,9,9,9,9,9,8,8,8,8
City_3(lastest expantion),Female,2.00,B. 21 to 30,3.00,C. 6 to 10 years,8,E. 5 times or more,5.00,4.00,6.00,,,,,9,,,,,10,9,8,9,E. 5 times or more,,,,,,,10,,,10,10,,10,10,10,10,10,E. 5 times or more,1.00,2.00,3.00,4.00,5.00,6.00,7.00,10,9,9,10,,,10,10,9,8,10,8,7,9,10,10,7,9,9,,9,10,10,9,9,10,10
City_3(lastest expantion),Female,3.00,C. 31 to 40 ,2.00,B. 3 to 5 years,8,D. 3 to 4 times,4.00,4.00,5.00,,,,,9,,,,,10,9,9,8,B. Once,3.00,,,,,,9,9,8,9,10,,7,8,8,8,8,D. 3 to 4 times,1.00,3.00,4.00,7.00,,,,10,9,9,10,,,,10,10,10,10,10,10,10,10,10,10,7,7,10,9,9,10,,,,
City_2(main devlopment center),Male,4.00,D. 41 to 50,1.00,A. upto 2 years,8,B. Once,2.00,4.00,,,,,,9,,,,,,,,,A. Zero times,,,,,,,,10,10,,,,,,,9,9,B. Once,2.00,5.00,,,,,,9,9,9,9,9,,,,,,9,9,10,10,9,,,,9,9,10,9,9,,,,
City_2(main devlopment center),Male,3.00,C. 31 to 40 ,3.00,C. 6 to 10 years,9,E. 5 times or more,5.00,4.00,6.00,,,,,8,,,,,9,9,9,9,D. 3 to 4 times,3.00,8.00,,,,,9,,,9,9,,8,9,9,9,9,C. Twice,5.00,,,,,,,9,9,9,9,9,,7,,,10,9,9,9,9,9,9,9,,8,9,9,9,9,,,,
City_2(main devlopment center),Male,3.00,C. 31 to 40 ,2.00,B. 3 to 5 years,7,D. 3 to 4 times,4.00,2.00,4.00,,,,,8,,,,8,8,8,8,9,D. 3 to 4 times,3.00,8.00,,,,,9,9,9,8,,,9,9,7,8,8,C. Twice,5.00,,,,,,,7,7,8,7,7,,,,7,8,8,8,8,,9,9,,,8,8,8,8,8,8,8,8,8
City_1(HQ),Female,3.00,C. 31 to 40 ,3.00,C. 6 to 10 years,8,C. Twice,3.00,3.00,,,,,7.00,8,,,,8,,8,7,8,C. Twice,3.00,,,,,,8,7,8,8,8,,,8,8,8,8,B. Once,1.00,,,,,,,,8,7,8,7,,,,8,8,8,6,8,8,8,8,8,7,7,8,8,,,8,7,7,7
City_2(main devlopment center),Male,5.00,E. 51 and older ,5.00,E. More then 20,6,D. 3 to 4 times,4.00,5.00,6.00,,,,,7,,,,10,,9,8,9,E. 5 times or more,3.00,5.00,,,,,9,,10,10,10,,9,9,10,10,10,D. 3 to 4 times,1.00,2.00,4.00,,,,,9,7,7,7,7,7,,,7,7,8,9,7,9,9,10,9,9,9,9,8,9,9,,,,
City_1(HQ),Male,4.00,D. 41 to 50,4.00,D. 11 to 20 years,3,B. Once,2.00,5.00,,,,,,5,,,,,,7,7,7,E. 5 times or more,3.00,6.00,7.00,8.00,,,3,,,7,6,,6,6,6,6,6,E. 5 times or more,1.00,4.00,7.00,,,,,6,6,7,4,3,1,,,,2,5,8,4,8,,,,,5,7,,5,6,4,3,4,6
City_1(HQ),Female,2.00,B. 21 to 30,3.00,C. 6 to 10 years,9,C. Twice,3.00,,,,,,7.00,10,,,,10,10,10,8,9,E. 5 times or more,3.00,5.00,,,,,10,,,10,10,,,10,10,10,10,E. 5 times or more,1.00,2.00,,,,,,10,4,1,10,,,,,,5,10,10,10,10,10,10,10,,,9,10,9,9,1,,,
City_2(main devlopment center),Female,2.00,B. 21 to 30,1.00,A. upto 2 years,9,A. Zero times,1.00,,,,,,,,,,,,,,,,D. 3 to 4 times,1.00,4.00,,,,,9,9,,9,8,,,9,8,10,8,A. Zero Times,,,,,,,,,9,9,9,10,,,,9,9,9,10,10,10,10,10,10,10,8,9,10,8,10,,,,
City_2(main devlopment center),Male,3.00,C. 31 to 40 ,3.00,C. 6 to 10 years,6,A. Zero times,1.00,,,,,,,,,,,10,,,,,E. 5 times or more,3.00,4.00,,,,,8,,,9,,,,10,9,9,8,A. Zero Times,,,,,,,,,9,8,6,,,,,,8,10,10,10,,10,10,10,,,10,10,10,10,,,,
City_1(HQ),Male,3.00,C. 31 to 40 ,2.00,B. 3 to 5 years,8,A. Zero times,1.00,,,,,,,,,,,,,,,,D. 3 to 4 times,4.00,8.00,,,,,9,,9,9,,,8,8,9,9,9,D. 3 to 4 times,2.00,3.00,7.00,,,,,9,9,8,8,9,,,,9,9,9,9,9,9,9,9,,,3,9,9,9,9,9,9,9,9
City_1(HQ),Male,5.00,E. 51 and older ,4.00,D. 11 to 20 years,8,E. 5 times or more,5.00,4.00,,,,,,9,9,,,,9,9,9,10,D. 3 to 4 times,2.00,4.00,8.00,,,,5,,8,9,9,6,8,8,6,7,7,E. 5 times or more,1.00,4.00,7.00,,,,,9,9,7,9,,,7,,9,9,8,9,9,8,7,9,9,9,7,9,9,8,9,,9,,10
City_2(main devlopment center),Female,4.00,D. 41 to 50,3.00,C. 6 to 10 years,8,E. 5 times or more,5.00,1.00,4.00,,,,7.00,9,9,,,9,10,9,9,9,E. 5 times or more,3.00,6.00,,,,,9,,9,9,,,,9,8,9,9,E. 5 times or more,1.00,3.00,,,,,,8,8,8,7,8,,,,9,9,8,8,10,9,9,10,8,9,8,8,9,8,9,,,,
City_2(main devlopment center),Female,2.00,B. 21 to 30,2.00,B. 3 to 5 years,8,D. 3 to 4 times,4.00,1.00,3.00,,,,,9,9,,,,8,10,10,10,C. Twice,3.00,,,,,,9,10,10,10,,,,9,10,9,9,D. 3 to 4 times,2.00,7.00,,,,,,10,10,10,8,,,,,,10,10,10,10,10,10,10,10,10,9,10,10,10,10,,,,
City_1(HQ),Male,3.00,C. 31 to 40 ,2.00,B. 3 to 5 years,9,D. 3 to 4 times,4.00,4.00,,,,,7.00,9,9,,,,9,9,9,9,E. 5 times or more,4.00,5.00,,,,,9,10,10,9,,,10,9,9,10,10,B. Once,5.00,,,,,,,,10,,9,9,,,,,8,,9,,,,,9,,10,,,,,,,,
City_1(HQ),Male,4.00,D. 41 to 50,3.00,C. 6 to 10 years,9,D. 3 to 4 times,4.00,1.00,4.00,,,,,9,9,,,9,9,9,8,9,A. Zero times,,,,,,,,,,7,,,,9,9,9,8,E. 5 times or more,1.00,2.00,3.00,5.00,7.00,,,10,9,9,10,,,9,,9,9,9,,,,,,,,,,,,,9,,,
City_1(HQ),Female,2.00,B. 21 to 30,2.00,B. 3 to 5 years,8,D. 3 to 4 times,4.00,1.00,6.00,,,,,9,9,,,,,8,8,9,E. 5 times or more,3.00,4.00,,,,,9,8,,9,8,,,8,8,8,8,E. 5 times or more,1.00,2.00,3.00,5.00,,,,9,8,8,8,8,,,,,8,8,9,9,8,9,9,9,9,8,9,8,8,9,6,5,8,8
City_2(main devlopment center),Female,4.00,D. 41 to 50,4.00,D. 11 to 20 years,9,C. Twice,3.00,1.00,5.00,,,,,9,9,,,,,9,9,9,E. 5 times or more,3.00,9.00,,,,,9,,,10,,,,10,10,10,10,E. 5 times or more,1.00,4.00,5.00,7.00,,,,10,10,4,10,10,10,10,10,10,10,10,10,9,,10,10,10,10,10,10,10,10,10,10,10,10,10
City_2(main devlopment center),Female,3.00,C. 31 to 40 ,3.00,C. 6 to 10 years,10,E. 5 times or more,5.00,1.00,5.00,,,,,8,9,,,8,6,8,6,9,D. 3 to 4 times,3.00,4.00,5.00,,,,8,10,9,8,,,8,8,6,8,8,E. 5 times or more,1.00,2.00,3.00,4.00,,,,9,9,8,7,7,,9,10,10,10,10,8,10,10,8,8,8,8,6,6,4,4,8,,,,
City_2(main devlopment center),Male,4.00,D. 41 to 50,3.00,C. 6 to 10 years,6,C. Twice,3.00,1.00,5.00,,,,,8,9,,,,,,9,9,C. Twice,3.00,,,,,,6,7,7,6,6,,8,4,7,9,6,D. 3 to 4 times,1.00,2.00,3.00,7.00,,,,9,7,7,6,9,9,,,9,9,9,9,8,,8,9,,,3,9,9,7,9,,2,,
City_1(HQ),Female,3.00,C. 31 to 40 ,2.00,B. 3 to 5 years,7,C. Twice,3.00,1.00,,,,,,8,9,,,10,9,10,10,10,C. Twice,7.00,6.00,5.00,4.00,3.00,2.00,10,10,10,10,10,10,10,10,10,10,10,D. 3 to 4 times,1.00,2.00,3.00,4.00,5.00,6.00,7.00,8,7,8,8,7,,7,8,9,8,9,7,10,10,9,8,8,8,7,9,9,8,9,,7,7,9
City_2(main devlopment center),Female,3.00,C. 31 to 40 ,2.00,B. 3 to 5 years,8,D. 3 to 4 times,4.00,1.00,4.00,,,,7.00,9,8,,,,9,9,9,9,D. 3 to 4 times,3.00,,,,,,7,,,8,,,,8,8,8,7,D. 3 to 4 times,7.00,,,,,,,9,8,7,8,8,,,8,9,10,9,9,9,9,10,10,,,9,9,9,9,9,8,8,8,8
City_1(HQ),Male,3.00,C. 31 to 40 ,1.00,A. upto 2 years,9,D. 3 to 4 times,4.00,1.00,,,,,,9,8,,,,10,9,9,10,D. 3 to 4 times,6.00,2.00,1.00,,,,8,9,9,,,,,9,10,9,9,C. Twice,1.00,3.00,4.00,5.00,,,,9,8,8,10,10,,,,,9,10,10,10,,10,,10,10,6,,9,9,10,,,,
City_2(main devlopment center),Female,2.00,B. 21 to 30,1.00,A. upto 2 years,7,E. 5 times or more,5.00,1.00,4.00,,,,7.00,8,8,,,5,8,6,8,8,E. 5 times or more,3.00,4.00,9.00,,,,8,8,9,8,,,,8,6,7,7,D. 3 to 4 times,2.00,7.00,,,,,,10,8,8,7,7,,,,9,9,10,10,10,10,10,10,,9,7,9,9,7,9,,,,
City_2(main devlopment center),Female,3.00,C. 31 to 40 ,3.00,C. 6 to 10 years,8,D. 3 to 4 times,4.00,1.00,4.00,,,,7.00,8,8,,,9,9,9,7,9,D. 3 to 4 times,3.00,2.00,8.00,,,,7,5,8,9,8,,9,9,7,7,8,E. 5 times or more,1.00,2.00,3.00,5.00,6.00,7.00,8.00,9,9,9,6,9,,10,10,10,10,10,9,9,9,9,9,9,9,9,9,9,9,9,,,,
City_2(main devlopment center),Female,4.00,D. 41 to 50,3.00,C. 6 to 10 years,8,D. 3 to 4 times,4.00,1.00,4.00,,,,,8,8,,,8,8,8,,,A. Zero times,,,,,,,,,,,,,,,,,,B. Once,7.00,,,,,,,8,8,4,4,,,,8,8,8,8,8,9,,9,9,,,,,9,9,9,,,,
City_1(HQ),Female,2.00,B. 21 to 30,1.00,A. upto 2 years,8,D. 3 to 4 times,4.00,1.00,4.00,5.00,,,,8,8,,,,8,8,7,8,A. Zero times,,,,,,,,,,,,,,,,,,D. 3 to 4 times,1.00,5.00,,,,,,5,6,6,6,6,,,,,8,8,8,10,10,10,,10,,10,10,10,10,10,,,,
City_1(HQ),Female,3.00,C. 31 to 40 ,2.00,B. 3 to 5 years,6,C. Twice,3.00,1.00,,,,,,8,8,,,7,10,,9,9,D. 3 to 4 times,3.00,,,,,,10,,,10,,,,10,10,10,8,E. 5 times or more,1.00,5.00,7.00,,,,,7,,,7,10,,,,,10,10,,10,,,10,,,7,,,,,,,,
City_2(main devlopment center),Male,5.00,E. 51 and older ,4.00,D. 11 to 20 years,8,B. Once,2.00,,,,,,7.00,7,8,,,,9,8,8,8,D. 3 to 4 times,2.00,8.00,,,,,8,,9,8,,9,,9,9,10,9,E. 5 times or more,1.00,2.00,3.00,5.00,7.00,,,9,8,8,8,9,,,,9,10,9,9,9,8,9,8,9,9,9,9,9,8,9,8,8,8,9
City_1(HQ),Male,3.00,C. 31 to 40 ,3.00,C. 6 to 10 years,7,C. Twice,3.00,,1.00,4.00,,,,7,6,,,,10,7,9,6,C. Twice,3.00,6.00,,,,,7,,8,9,,,,8,9,6,7,E. 5 times or more,1.00,2.00,3.00,5.00,7.00,,,9,7,7,8,8,,,,6,4,8,9,8,9,8,8,8,8,7,8,8,7,7,,,,
City_1(HQ),Male,3.00,C. 31 to 40 ,2.00,B. 3 to 5 years,6,C. Twice,3.00,1.00,6.00,,,,,5,6,,,,,,,,C. Twice,8.00,,,,,,6,,,,,6,,,,,,A. Zero Times,,,,,,,,,7,6,7,7,,,,7,7,7,7,8,8,8,,8,8,,,8,8,8,,,,
City_1(HQ),Male,1.00,A. upto 20,1.00,A. upto 2 years,6,C. Twice,3.00,1.00,,,,,,5,5,,,,,,,,A. Zero times,,,,,,,,7,,,,,,,,,,A. Zero Times,,,,,,,,,7,6,6,,,,,,6,,9,10,10,8,,,,,,10,,10,,,,
City_2(main devlopment center),Female,5.00,E. 51 and older ,3.00,C. 6 to 10 years,3,E. 5 times or more,5.00,1.00,,,,,7.00,5,3,,,3,3,3,3,1,E. 5 times or more,3.00,5.00,7.00,,,,5,,,5,5,1,,5,2,3,,E. 5 times or more,1.00,3.00,5.00,7.00,,,,9,8,8,7,,,,,,8,9,10,10,10,10,10,10,10,10,10,10,10,10,,,,
City_2(main devlopment center),Female,3.00,C. 31 to 40 ,2.00,B. 3 to 5 years,7,D. 3 to 4 times,4.00,1.00,5.00,,,,7.00,4,3,,,,10,8,8,8,E. 5 times or more,3.00,4.00,5.00,,,,9,9,10,8,10,,,7,9,10,9,C. Twice,1.00,,,,,,,10,9,8,9,8,,,,,10,10,10,10,10,10,8,,,8,10,10,10,10,,,,
City_1(HQ),Female,2.00,B. 21 to 30,1.00,A. upto 2 years,8,E. 5 times or more,5.00,1.00,2.00,5.00,,,7.00,9,10,,,10,10,10,9,10,C. Twice,2.00,3.00,4.00,5.00,8.00,,0,0,0,10,10,,,10,9,10,10,D. 3 to 4 times,1.00,3.00,5.00,7.00,,,,8,10,10,9,,,,,,9,10,10,10,10,10,10,10,10,10,10,10,10,10,,,,
City_1(HQ),Male,5.00,E. 51 and older ,5.00,E. More then 20,9,D. 3 to 4 times,4.00,1.00,4.00,,,,,10,10,,,,10,10,10,10,D. 3 to 4 times,3.00,,,,,,8,,,8,,,,9,9,10,8,E. 5 times or more,1.00,2.00,3.00,7.00,,,,7,9,9,9,9,,,,10,8,8,9,9,9,9,9,9,,8,9,9,9,9,,,,
City_1(HQ),Male,2.00,B. 21 to 30,1.00,A. upto 2 years,10,D. 3 to 4 times,4.00,1.00,,,,,,10,10,,,,,10,10,10,E. 5 times or more,3.00,2.00,,,,,10,10,10,10,10,,,10,10,10,10,E. 5 times or more,1.00,3.00,5.00,7.00,,,,10,9,9,9,,,,,,1,9,10,10,10,10,10,9,,8,10,10,9,10,9,9,10,10
City_2(main devlopment center),Female,3.00,C. 31 to 40 ,1.00,A. upto 2 years,10,C. Twice,3.00,1.00,,,,,,10,10,,,,,10,9,,B. Once,2.00,,,,,,10,10,9,10,,,,10,10,10,10,B. Once,5.00,,,,,,,10,8,9,8,10,,,,,9,,9,10,10,8,9,,9,9,7,8,7,8,,,,
City_1(HQ),Female,3.00,C. 31 to 40 ,2.00,B. 3 to 5 years,7,C. Twice,3.00,1.00,,,,,,10,10,,,,10,10,10,10,A. Zero times,,,,,,,,8,,,,,,,,,,E. 5 times or more,1.00,2.00,7.00,,,,,10,10,10,10,,,,,10,10,10,10,10,10,10,10,10,10,10,10,10,10,10,,,,
City_1(HQ),Male,4.00,D. 41 to 50,1.00,A. upto 2 years,9,C. Twice,3.00,1.00,4.00,,,,,10,10,,,10,10,10,10,10,D. 3 to 4 times,1.00,6.00,,,,,10,10,,,,,,10,10,10,8,A. Zero Times,,,,,,,,,10,10,10,,,,,,8,,10,10,,10,,,,,10,,,10,,,,
City_2(main devlopment center),Male,3.00,C. 31 to 40 ,3.00,C. 6 to 10 years,9,E. 5 times or more,5.00,2.00,,,,,,9,,9,,,,9,8,10,D. 3 to 4 times,2.00,3.00,,,,,9,,10,10,,,,10,9,10,9,D. 3 to 4 times,4.00,7.00,,,,,,9,8,8,8,9,9,,,,9,9,8,9,9,10,9,9,9,7,9,9,9,9,,,,
City_2(main devlopment center),Male,3.00,C. 31 to 40 ,2.00,B. 3 to 5 years,8,D. 3 to 4 times,4.00,1.00,2.00,,,,7.00,8,9,9,,,,9,7,9,C. Twice,2.00,4.00,,,,,9,,9,9,,9,9,10,8,8,8,D. 3 to 4 times,5.00,7.00,,,,,,9,10,10,10,10,7,9,,9,10,10,10,9,9,9,8,9,8,9,9,9,9,9,,,,
City_1(HQ),Male,5.00,E. 51 and older ,3.00,C. 6 to 10 years,8,C. Twice,3.00,1.00,6.00,,,,,8,9,9,,9,,8,9,9,C. Twice,3.00,4.00,,,,,8,,9,9,8,,8,8,9,9,8,E. 5 times or more,2.00,3.00,5.00,7.00,,,,9,8,9,9,9,8,8,8,9,9,9,9,8,9,9,8,9,,8,9,9,9,9,8,8,8,9
City_1(HQ),Female,4.00,D. 41 to 50,4.00,D. 11 to 20 years,7,D. 3 to 4 times,4.00,2.00,4.00,,,,,,,6,,,,10,6,10,D. 3 to 4 times,7.00,,,,,,9,,,10,,10,10,10,6,10,10,E. 5 times or more,1.00,2.00,3.00,4.00,5.00,7.00,,6,8,9,7,,5,,,6,7,7,10,10,10,,9,,8,6,9,10,10,10,,,,
City_1(HQ),Female,2.00,B. 21 to 30,3.00,C. 6 to 10 years,7,E. 5 times or more,5.00,1.00,2.00,4.00,,,,6,3,6,,,7,8,6,6,E. 5 times or more,3.00,4.00,5.00,8.00,,,8,,9,8,9,,8,9,8,9,9,E. 5 times or more,1.00,2.00,3.00,4.00,7.00,,,8,8,7,7,8,,,,7,1,8,9,9,9,9,9,8,9,7,9,9,9,9,8,8,9,9
City_1(HQ),Female,4.00,D. 41 to 50,4.00,D. 11 to 20 years,8,E. 5 times or more,5.00,1.00,,,,,,6,2,3,,2,9,6,6,5,D. 3 to 4 times,2.00,,,,,,8,,7,9,,8,7,,10,10,9,E. 5 times or more,1.00,2.00,,,,,,10,10,9,,,,,8,10,9,5,9,10,9,8,7,9,,8,9,9,9,9,1,2,2,2
City_1(HQ),Female,3.00,C. 31 to 40 ,2.00,B. 3 to 5 years,9,D. 3 to 4 times,4.00,2.00,4.00,,,,7.00,9,,10,,,10,10,9,10,C. Twice,2.00,3.00,,,,,9,,9,8,,,,10,10,10,10,C. Twice,3.00,5.00,,,,,,9,9,9,9,9,,,,,6,9,9,10,10,10,9,9,7,,9,10,10,10,,,,
City_2(main devlopment center),Female,4.00,D. 41 to 50,3.00,C. 6 to 10 years,,E. 5 times or more,5.00,2.00,4.00,,,,,10,,10,,10,10,,10,10,E. 5 times or more,3.00,4.00,5.00,,,,10,,,10,10,,,,9,10,,E. 5 times or more,2.00,7.00,,,,,,6,9,5,,,,,,1,10,,,10,,8,,,,9,,,,10,,,,
City_2(main devlopment center),Female,2.00,B. 21 to 30,1.00,A. upto 2 years,10,C. Twice,3.00,1.00,2.00,,,,,8,9,10,,10,10,10,8,10,D. 3 to 4 times,4.00,6.00,,,,,10,10,,10,10,,,10,10,10,10,C. Twice,2.00,5.00,,,,,,10,10,10,9,10,,,,10,9,10,10,10,10,10,10,10,10,10,10,10,10,10,,,,
City_2(main devlopment center),Male,4.00,D. 41 to 50,3.00,C. 6 to 10 years,8,E. 5 times or more,5.00,3.00,4.00,,,,7.00,9,,,9,9,8,8,10,10,E. 5 times or more,6.00,5.00,3.00,2.00,,,9,,9,10,9,,10,9,9,10,10,E. 5 times or more,1.00,2.00,4.00,7.00,,,,8,9,9,9,10,,,10,10,10,10,9,9,,10,9,,9,8,9,10,9,10,,,,
City_2(main devlopment center),Female,3.00,C. 31 to 40 ,3.00,C. 6 to 10 years,8,D. 3 to 4 times,4.00,1.00,4.00,,,,,9,,,9,,9,,,,A. Zero times,,,,,,,,,,,,,,,,,,A. Zero Times,,,,,,,,,1,1,3,4,,,,,4,,,10,,,,,,,,,,,,,,
City_2(main devlopment center),Female,3.00,C. 31 to 40 ,3.00,C. 6 to 10 years,9,D. 3 to 4 times,4.00,4.00,6.00,,,,,8,,,9,9,9,8,7,8,A. Zero times,,,,,,,,,,9,9,,,9,9,9,8,E. 5 times or more,1.00,2.00,3.00,5.00,6.00,7.00,,10,9,9,9,9,,,,9,9,10,10,9,10,10,10,9,10,10,10,10,10,10,,,,10
City_1(HQ),Male,4.00,D. 41 to 50,2.00,B. 3 to 5 years,6,E. 5 times or more,5.00,1.00,3.00,5.00,,,,4,,,9,,,8,,7,D. 3 to 4 times,3.00,,,,,,8,8,8,9,,,,,8,9,5,E. 5 times or more,1.00,5.00,7.00,,,,,10,9,8,9,,,,,,,8,10,10,10,10,10,10,9,7,10,10,8,10,5,6,5,8
City_1(HQ),Male,1.00,A. upto 20,1.00,A. upto 2 years,10,B. Once,2.00,3.00,,,,,,9,9,,9,8,,10,8,8,C. Twice,4.00,,,,,,9,10,,9,9,,,10,7,8,9,C. Twice,1.00,7.00,,,,,,10,8,9,9,,,,,,7,9,8,10,9,9,9,7,8,5,9,9,9,9,3,4,3,3
City_2(main devlopment center),Female,3.00,C. 31 to 40 ,3.00,C. 6 to 10 years,7,D. 3 to 4 times,4.00,1.00,4.00,,,,,8,9,,9,,9,9,5,9,C. Twice,4.00,,,,,,9,,,10,,,,10,10,10,8,D. 3 to 4 times,7.00,,,,,,,10,10,7,6,,,,,9,9,9,9,10,10,10,10,10,10,9,10,9,9,10,,,,
City_1(HQ),Female,3.00,C. 31 to 40 ,3.00,C. 6 to 10 years,9,D. 3 to 4 times,4.00,1.00,3.00,4.00,,,7.00,10,9,,9,9,9,9,9,9,D. 3 to 4 times,2.00,4.00,,,,,6,8,5,8,8,6,8,7,7,7,8,B. Once,5.00,,,,,,,,7,8,8,8,,,,,6,,8,7,,8,8,,,,,,,,,,,
City_2(main devlopment center),Female,3.00,C. 31 to 40 ,4.00,D. 11 to 20 years,9,E. 5 times or more,5.00,2.00,3.00,4.00,,,,9,,9,9,10,10,9,9,9,E. 5 times or more,3.00,4.00,8.00,,,,10,,,10,,,10,10,10,10,10,E. 5 times or more,1.00,2.00,3.00,5.00,7.00,,,10,9,8,9,9,,,10,10,10,10,10,10,10,10,10,10,10,10,10,10,10,10,10,10,10,10
City_3(lastest expantion),Male,3.00,C. 31 to 40 ,3.00,C. 6 to 10 years,9,E. 5 times or more,5.00,1.00,2.00,3.00,4.00,,,9,9,9,9,9,9,9,9,9,D. 3 to 4 times,3.00,4.00,,,,,9,8,10,10,,,10,9,9,9,9,D. 3 to 4 times,3.00,5.00,,,,,,8,9,3,5,1,,,,5,1,9,8,9,9,,,,,2,,,,,,,,
City_2(main devlopment center),Female,3.00,C. 31 to 40 ,2.00,B. 3 to 5 years,7,E. 5 times or more,5.00,1.00,4.00,,,,7.00,9,9,9,9,9,9,7,9,9,E. 5 times or more,3.00,4.00,9.00,,,,9,,2,9,1,,,4,9,9,,E. 5 times or more,3.00,6.00,7.00,,,,,8,8,7,,8,,,,,8,8,9,9,,9,,9,,3,,,,,,,,
City_2(main devlopment center),Female,5.00,E. 51 and older ,4.00,D. 11 to 20 years,9,E. 5 times or more,5.00,5.00,,,,,7.00,9,9,9,9,9,9,9,9,9,E. 5 times or more,7.00,,,,,,10,,9,10,8,10,,9,9,9,9,A. Zero Times,,,,,,,,,6,10,8,,,,10,10,9,9,9,10,10,10,10,10,10,10,10,10,10,10,,,,
City_2(main devlopment center),Female,4.00,D. 41 to 50,5.00,E. More then 20,8,D. 3 to 4 times,4.00,1.00,,,,,7.00,9,9,9,9,9,9,9,7,10,D. 3 to 4 times,3.00,4.00,,,,,9,,9,9,,,,9,9,9,10,E. 5 times or more,1.00,2.00,7.00,,,,,9,6,5,8,10,10,,,9,9,9,9,9,9,,9,9,,,9,9,7,9,,,,
City_2(main devlopment center),Male,3.00,C. 31 to 40 ,3.00,C. 6 to 10 years,8,D. 3 to 4 times,4.00,1.00,,,,,,9,9,9,9,9,10,10,9,10,D. 3 to 4 times,3.00,4.00,6.00,9.00,,,8,9,9,9,9,,9,9,8,9,9,D. 3 to 4 times,1.00,2.00,3.00,4.00,5.00,7.00,,9,8,8,6,9,,,,9,9,9,9,9,9,9,9,9,9,8,9,9,8,9,9,8,9,9
City_1(HQ),Male,3.00,C. 31 to 40 ,3.00,C. 6 to 10 years,8,D. 3 to 4 times,4.00,4.00,,,,,,9,9,9,9,9,9,9,9,9,E. 5 times or more,2.00,3.00,4.00,,,,8,7,9,9,9,9,9,9,9,9,9,E. 5 times or more,1.00,2.00,3.00,5.00,,,,8,10,10,9,8,,10,,10,6,10,9,9,9,9,9,9,,8,9,9,9,9,9,8,8,8
City_2(main devlopment center),Female,3.00,C. 31 to 40 ,2.00,B. 3 to 5 years,7,D. 3 to 4 times,4.00,1.00,4.00,,,,,9,9,9,9,9,9,9,9,9,E. 5 times or more,2.00,3.00,4.00,,,,10,8,9,10,9,,9,9,9,9,9,D. 3 to 4 times,1.00,2.00,7.00,,,,,10,10,10,10,10,,10,10,10,10,10,10,10,10,10,10,10,10,10,10,10,10,10,10,9,9,9
City_2(main devlopment center),Male,2.00,B. 21 to 30,3.00,C. 6 to 10 years,9,D. 3 to 4 times,4.00,2.00,3.00,4.00,,,,9,9,9,9,9,9,9,9,9,C. Twice,3.00,4.00,5.00,8.00,,,9,9,9,9,9,,9,9,9,9,9,D. 3 to 4 times,2.00,5.00,,,,,,8,8,6,5,8,,,,8,9,9,9,10,10,9,10,9,9,7,9,9,9,9,9,,9,9
City_2(main devlopment center),Female,4.00,D. 41 to 50,4.00,D. 11 to 20 years,8,C. Twice,3.00,1.00,,,,,,9,9,9,9,9,10,10,10,10,C. Twice,2.00,3.00,4.00,5.00,,,8,,6,10,,,10,10,10,9,8,E. 5 times or more,1.00,2.00,7.00,,,,,10,8,8,9,,,10,10,10,10,10,8,9,9,9,9,10,9,9,9,9,9,9,10,10,10,10
City_2(main devlopment center),Male,3.00,C. 31 to 40 ,3.00,C. 6 to 10 years,8,D. 3 to 4 times,4.00,,,,,,7.00,8,9,9,9,9,8,8,8,9,C. Twice,9.00,,,,,,9,,8,9,9,,9,9,9,9,9,C. Twice,7.00,,,,,,,9,9,9,9,9,,8,,9,8,9,9,9,9,10,9,9,9,9,10,10,10,10,,,,
City_1(HQ),Male,5.00,E. 51 and older ,5.00,E. More then 20,7,D. 3 to 4 times,4.00,4.00,,,,,,9,8,9,9,9,10,9,9,9,C. Twice,3.00,7.00,,,,,7,8,8,7,8,7,8,8,8,8,8,C. Twice,2.00,5.00,6.00,,,,,8,8,9,9,8,,,,,7,9,,,,,,,,,,,,,8,8,8,8
City_1(HQ),Male,4.00,D. 41 to 50,4.00,D. 11 to 20 years,9,D. 3 to 4 times,4.00,1.00,3.00,4.00,,,,9,8,9,9,10,10,9,9,9,D. 3 to 4 times,2.00,3.00,6.00,,,,9,,9,9,10,,9,9,9,10,10,E. 5 times or more,1.00,,,,,,,10,10,10,10,10,,,,10,10,10,10,10,10,10,10,10,10,9,10,10,10,10,,,,
City_2(main devlopment center),Female,3.00,C. 31 to 40 ,2.00,B. 3 to 5 years,7,D. 3 to 4 times,4.00,1.00,3.00,5.00,,,,8,6,9,9,9,9,8,8,9,C. Twice,8.00,,,,,,7,9,2,9,2,,8,8,9,9,9,D. 3 to 4 times,1.00,7.00,,,,,,5,9,7,7,8,,,,,8,8,9,10,10,,9,9,,7,9,9,9,9,,,,
City_1(HQ),Male,4.00,D. 41 to 50,4.00,D. 11 to 20 years,7,D. 3 to 4 times,4.00,1.00,,,,,,8,2,9,9,9,9,8,10,10,D. 3 to 4 times,2.00,6.00,,,,,4,,1,8,,,1,2,8,7,4,B. Once,5.00,,,,,,,,8,8,,7,,,,,9,,3,9,9,9,3,3,,2,2,7,7,7,,,,
City_1(HQ),Male,3.00,C. 31 to 40 ,3.00,C. 6 to 10 years,6,E. 5 times or more,5.00,1.00,2.00,,,,,5,2,9,9,9,9,7,8,8,E. 5 times or more,3.00,9.00,,,,,6,4,4,4,8,,3,6,8,9,5,E. 5 times or more,1.00,2.00,7.00,,,,,10,9,9,7,7,,,,9,6,9,8,9,9,8,8,8,8,7,9,9,9,9,6,,,
City_1(HQ),Female,4.00,D. 41 to 50,3.00,C. 6 to 10 years,7,D. 3 to 4 times,4.00,3.00,4.00,6.00,,,,7,,8,9,,8,10,8,7,E. 5 times or more,3.00,4.00,5.00,,,,7,,,10,1,,,,8,7,,E. 5 times or more,1.00,2.00,4.00,7.00,,,,10,10,10,10,9,,7,,10,4,8,,10,,10,10,,10,,10,,10,10,10,,10,10
City_1(HQ),Female,3.00,C. 31 to 40 ,2.00,B. 3 to 5 years,9,D. 3 to 4 times,4.00,1.00,3.00,4.00,,,,8,9,8,9,8,9,8,8,8,D. 3 to 4 times,3.00,4.00,,,,,9,9,9,9,,,,9,9,9,9,D. 3 to 4 times,1.00,5.00,,,,,,8,9,9,9,8,,,,7,8,,9,8,,8,8,,8,,,,8,8,,,,
City_1(HQ),Male,3.00,C. 31 to 40 ,3.00,C. 6 to 10 years,3,E. 5 times or more,5.00,1.00,2.00,3.00,4.00,,,9,8,8,9,9,10,10,9,10,E. 5 times or more,3.00,4.00,5.00,8.00,,,7,,3,2,7,,5,7,3,7,3,E. 5 times or more,1.00,2.00,3.00,5.00,7.00,,,8,9,9,8,9,,,,8,1,8,9,9,9,9,9,7,,8,9,9,9,9,,,,
City_2(main devlopment center),Female,3.00,C. 31 to 40 ,3.00,C. 6 to 10 years,7,D. 3 to 4 times,4.00,1.00,4.00,,,,,9,9,6,9,9,9,9,7,9,E. 5 times or more,2.00,3.00,4.00,5.00,8.00,9.00,7,,6,10,6,,6,7,7,5,5,D. 3 to 4 times,1.00,2.00,7.00,,,,,10,6,9,8,,,,,9,9,9,9,10,9,,9,,,,9,9,9,9,,,,
City_2(main devlopment center),Male,3.00,C. 31 to 40 ,1.00,A. upto 2 years,6,D. 3 to 4 times,4.00,1.00,2.00,4.00,5.00,,7.00,5,6,3,9,,8,5,9,5,D. 3 to 4 times,3.00,4.00,,,,,9,4,8,7,,,,8,8,8,8,E. 5 times or more,1.00,2.00,5.00,7.00,,,,6,9,9,3,4,,,,,8,,9,9,9,10,7,7,9,6,,9,9,9,,,,
City_1(HQ),Female,2.00,B. 21 to 30,2.00,B. 3 to 5 years,9,D. 3 to 4 times,4.00,1.00,4.00,,,,7.00,10,10,10,9,9,10,9,8,10,A. Zero times,2.00,3.00,4.00,,,,10,10,10,10,9,9,10,9,10,10,10,C. Twice,1.00,2.00,5.00,,,,,8,9,9,9,8,8,,,9,9,8,10,10,9,8,9,8,8,9,9,8,8,8,,,,
City_1(HQ),Male,3.00,C. 31 to 40 ,2.00,B. 3 to 5 years,5,D. 3 to 4 times,4.00,3.00,4.00,,,,,7,,,8,,8,7,8,8,E. 5 times or more,8.00,5.00,2.00,9.00,,,6,4,5,5,4,,4,5,6,7,8,E. 5 times or more,1.00,2.00,3.00,5.00,7.00,,,6,5,6,7,4,,8,,7,6,5,5,4,5,4,7,8,6,8,8,8,9,7,9,8,9,9
City_1(HQ),Male,3.00,C. 31 to 40 ,2.00,B. 3 to 5 years,9,D. 3 to 4 times,4.00,1.00,,,,,,9,9,,8,7,8,9,8,9,D. 3 to 4 times,2.00,3.00,8.00,,,,9,,6,8,,,9,9,9,9,9,C. Twice,1.00,5.00,7.00,,,,,9,9,9,9,9,,,,9,2,9,9,9,9,9,9,9,9,9,9,9,9,9,8,8,8,
City_1(HQ),Female,3.00,C. 31 to 40 ,3.00,C. 6 to 10 years,9,D. 3 to 4 times,4.00,1.00,3.00,,,,,9,9,,8,9,9,9,8,9,C. Twice,3.00,,,,,,9,,9,9,,,9,9,8,9,9,D. 3 to 4 times,1.00,7.00,,,,,,8,8,7,8,8,,,,,9,9,9,8,9,9,9,9,9,8,9,9,9,9,,9,,10
City_1(HQ),Female,3.00,C. 31 to 40 ,1.00,A. upto 2 years,8,E. 5 times or more,5.00,1.00,6.00,,,,,10,9,,8,,,10,10,10,D. 3 to 4 times,5.00,3.00,1.00,,,,7,6,,10,9,,,6,5,5,4,B. Once,1.00,5.00,7.00,,,,,10,6,10,9,9,,,,,9,9,10,10,10,10,10,10,10,10,10,10,10,10,8,8,8,8
City_2(main devlopment center),Male,3.00,C. 31 to 40 ,1.00,A. upto 2 years,8,E. 5 times or more,5.00,1.00,,,,,,9,8,,8,9,8,9,8,9,D. 3 to 4 times,6.00,2.00,1.00,,,,9,9,8,,9,,,8,9,9,9,E. 5 times or more,1.00,2.00,5.00,6.00,7.00,,,10,7,8,8,9,,,,9,9,10,8,9,9,9,8,,,2,9,9,9,9,,,,
City_2(main devlopment center),Female,4.00,D. 41 to 50,5.00,E. More then 20,9,D. 3 to 4 times,4.00,3.00,4.00,,,,,9,,9,8,,10,9,9,10,D. 3 to 4 times,3.00,,,,,,9,,,9,,,,9,9,9,9,D. 3 to 4 times,1.00,2.00,4.00,7.00,8.00,,,7,8,8,9,,,8,10,9,9,9,9,10,9,9,9,9,,9,,9,9,9,9,9,9,9
City_2(main devlopment center),Male,3.00,C. 31 to 40 ,3.00,C. 6 to 10 years,8,D. 3 to 4 times,4.00,1.00,2.00,3.00,,,,9,9,9,8,9,10,10,10,10,D. 3 to 4 times,3.00,8.00,,,,,10,,,9,9,,10,9,10,10,9,E. 5 times or more,1.00,2.00,7.00,8.00,,,,9,9,9,9,9,,9,,8,10,9,9,10,10,10,,9,,9,10,10,10,10,,,,
City_2(main devlopment center),Female,3.00,C. 31 to 40 ,4.00,D. 11 to 20 years,6,C. Twice,3.00,3.00,,,,,7.00,9,9,9,8,9,9,9,8,9,D. 3 to 4 times,4.00,8.00,,,,,8,8,8,8,8,,8,8,8,9,9,E. 5 times or more,1.00,2.00,3.00,,,,,9,6,4,8,8,,6,,8,9,9,9,9,9,9,9,9,,9,9,9,9,9,,,,
City_1(HQ),Female,4.00,D. 41 to 50,4.00,D. 11 to 20 years,10,C. Twice,3.00,1.00,5.00,,,,,9,9,9,8,10,9,9,8,9,D. 3 to 4 times,2.00,3.00,4.00,,,,10,9,10,10,10,10,10,10,10,10,10,D. 3 to 4 times,1.00,2.00,4.00,7.00,,,,8,8,7,9,10,,,,9,10,10,9,10,10,10,10,9,9,9,8,8,7,10,7,9,9,9
City_1(HQ),Female,3.00,C. 31 to 40 ,1.00,A. upto 2 years,3,D. 3 to 4 times,4.00,4.00,,,,,,9,8,9,8,9,9,9,8,8,D. 3 to 4 times,3.00,4.00,,,,,3,2,8,3,8,,,3,4,2,2,E. 5 times or more,1.00,4.00,,,,,,7,7,9,7,,,,,,2,4,9,9,9,,9,9,9,9,9,9,9,9,,,,
City_2(main devlopment center),Male,2.00,B. 21 to 30,1.00,A. upto 2 years,8,E. 5 times or more,5.00,1.00,3.00,4.00,5.00,,,8,8,9,8,7,9,7,9,9,D. 3 to 4 times,3.00,4.00,5.00,,,,8,7,7,7,8,,,7,9,9,9,A. Zero Times,2.00,5.00,,,,,,8,8,5,6,8,,,,9,9,8,8,9,9,9,9,8,,7,8,8,8,8,,9,8,9
City_3(lastest expantion),Male,4.00,D. 41 to 50,4.00,D. 11 to 20 years,8,D. 3 to 4 times,4.00,1.00,,,,,,8,8,9,8,9,9,8,8,9,C. Twice,1.00,7.00,,,,,8,7,8,8,8,8,8,8,7,8,8,E. 5 times or more,1.00,3.00,4.00,5.00,6.00,,,9,8,8,9,9,8,8,8,9,9,9,8,7,8,8,,9,7,8,9,9,9,9,,,,
City_2(main devlopment center),Female,3.00,C. 31 to 40 ,3.00,C. 6 to 10 years,8,D. 3 to 4 times,4.00,2.00,3.00,4.00,,,,7,,8,8,,6,8,8,8,C. Twice,3.00,4.00,,,,,9,,,8,,,9,8,9,9,10,C. Twice,2.00,3.00,5.00,,,,,10,10,10,8,10,,,,10,10,10,9,10,10,10,10,10,,,8,10,9,9,10,10,10,10
City_2(main devlopment center),Male,4.00,D. 41 to 50,3.00,C. 6 to 10 years,9,D. 3 to 4 times,4.00,1.00,3.00,4.00,,,,8,9,8,8,9,9,8,8,9,D. 3 to 4 times,2.00,6.00,,,,,8,,9,9,5,,7,8,7,9,7,D. 3 to 4 times,1.00,2.00,5.00,7.00,,,,7,9,8,1,2,,,,7,9,7,4,9,8,8,7,2,6,9,3,4,3,6,,,,
City_2(main devlopment center),Male,2.00,B. 21 to 30,3.00,C. 6 to 10 years,8,E. 5 times or more,5.00,1.00,4.00,,,,,8,8,8,8,,8,8,7,8,D. 3 to 4 times,3.00,,,,,,8,,8,8,8,,,8,8,8,9,E. 5 times or more,1.00,2.00,3.00,4.00,5.00,6.00,7.00,7,8,7,6,6,,,8,7,8,7,5,8,8,8,8,,8,6,8,7,5,7,,,,
City_1(HQ),Female,3.00,C. 31 to 40 ,4.00,D. 11 to 20 years,6,E. 5 times or more,5.00,1.00,2.00,3.00,4.00,,,8,8,8,8,8,7,10,7,10,E. 5 times or more,2.00,3.00,8.00,,,,4,7,5,9,7,,7,8,8,6,9,D. 3 to 4 times,1.00,2.00,5.00,,,,,7,3,1,8,8,,,,7,5,8,8,8,8,4,7,8,8,7,9,8,7,8,,,,
City_2(main devlopment center),Female,4.00,D. 41 to 50,4.00,D. 11 to 20 years,7,E. 5 times or more,5.00,1.00,,,,,,8,8,8,8,8,8,8,8,8,C. Twice,2.00,8.00,,,,,8,,8,,,,8,8,8,8,8,E. 5 times or more,2.00,5.00,7.00,,,,,8,8,8,8,8,,,,8,8,8,8,8,8,8,5,8,8,7,8,8,8,8,,,,
City_2(main devlopment center),Female,4.00,D. 41 to 50,4.00,D. 11 to 20 years,9,E. 5 times or more,5.00,1.00,2.00,3.00,4.00,,,8,8,8,8,8,8,8,7,8,B. Once,3.00,,,,,,8,8,8,8,8,8,8,9,8,9,8,E. 5 times or more,2.00,,,,,,,9,7,7,7,8,,,,8,8,8,9,8,9,8,8,8,8,8,8,8,8,8,9,8,9,9
City_2(main devlopment center),Male,4.00,D. 41 to 50,4.00,D. 11 to 20 years,8,D. 3 to 4 times,4.00,1.00,2.00,4.00,,,,8,8,8,8,9,8,8,8,8,D. 3 to 4 times,2.00,3.00,6.00,,,,7,,5,10,10,,7,8,7,7,7,B. Once,3.00,5.00,,,,,,8,8,8,8,8,8,8,8,8,8,8,8,8,8,8,8,8,8,8,8,5,5,8,,,,
City_2(main devlopment center),Female,3.00,C. 31 to 40 ,4.00,D. 11 to 20 years,8,D. 3 to 4 times,4.00,4.00,,,,,7.00,8,8,8,8,8,8,8,7,8,D. 3 to 4 times,4.00,1.00,,,,,8,7,8,8,9,,8,8,7,8,8,E. 5 times or more,1.00,2.00,3.00,5.00,7.00,,,8,8,8,6,8,,,,8,8,8,9,9,9,9,9,9,9,9,,9,9,9,,,,
City_1(HQ),Female,2.00,B. 21 to 30,3.00,C. 6 to 10 years,10,D. 3 to 4 times,4.00,1.00,4.00,,,,,8,8,8,8,8,8,9,7,8,E. 5 times or more,3.00,4.00,5.00,8.00,,,10,8,8,10,10,10,10,10,10,10,10,B. Once,5.00,,,,,,,8,7,7,7,8,,,,8,7,8,9,10,10,9,9,9,8,8,9,9,8,9,,9,9,9
City_1(HQ),Male,4.00,D. 41 to 50,4.00,D. 11 to 20 years,8,D. 3 to 4 times,4.00,1.00,4.00,,,,,8,8,8,8,8,8,8,8,8,A. Zero times,,,,,,,,,,,,,,,,,,C. Twice,1.00,5.00,,,,,,8,8,8,8,9,,,,8,9,8,8,9,9,,9,,,,9,9,9,9,,,,
City_3(lastest expantion),Female,3.00,C. 31 to 40 ,2.00,B. 3 to 5 years,8,C. Twice,3.00,3.00,5.00,,,,,8,8,8,8,8,8,8,8,8,E. 5 times or more,2.00,3.00,,,,,8,8,7,8,,,,9,8,8,9,E. 5 times or more,1.00,2.00,4.00,7.00,,,,10,10,10,10,8,,,9,9,9,10,8,9,9,9,8,8,8,8,9,9,9,9,,,,
City_2(main devlopment center),Female,3.00,C. 31 to 40 ,4.00,D. 11 to 20 years,8,C. Twice,3.00,1.00,4.00,,,,,8,8,8,8,8,8,8,8,8,C. Twice,3.00,,,,,,9,,4,9,,,,10,10,10,10,B. Once,7.00,,,,,,,5,9,9,9,9,,,,9,9,8,8,8,8,8,8,8,8,8,8,8,8,8,8,,,8
City_3(lastest expantion),Male,4.00,D. 41 to 50,2.00,B. 3 to 5 years,7,E. 5 times or more,5.00,1.00,4.00,,,,7.00,7,8,8,8,8,8,7,6,8,B. Once,2.00,3.00,,,,,10,6,8,1,10,,,9,7,9,7,D. 3 to 4 times,4.00,7.00,,,,,,10,10,8,10,10,,,10,10,10,10,10,10,10,10,10,10,,6,,10,10,10,10,10,10,10
City_3(lastest expantion),Female,2.00,B. 21 to 30,3.00,C. 6 to 10 years,10,D. 3 to 4 times,4.00,1.00,4.00,,,,7.00,7,8,8,8,8,6,7,6,7,D. 3 to 4 times,2.00,3.00,,,,,7,,4,7,7,,7,8,8,7,7,E. 5 times or more,1.00,2.00,4.00,6.00,,,,10,9,8,10,,,9,10,10,10,10,8,9,9,9,9,9,9,8,8,8,8,8,10,9,9,9
City_1(HQ),Female,3.00,C. 31 to 40 ,4.00,D. 11 to 20 years,6,D. 3 to 4 times,4.00,1.00,2.00,4.00,,,,6,8,8,8,7,10,8,7,8,E. 5 times or more,2.00,3.00,4.00,6.00,8.00,1.00,7,,8,8,10,10,8,7,8,7,7,E. 5 times or more,1.00,2.00,3.00,4.00,5.00,6.00,7.00,8,8,7,7,9,9,,,8,10,9,7,10,9,8,6,8,,8,7,8,9,9,,,,
City_1(HQ),Female,3.00,C. 31 to 40 ,3.00,C. 6 to 10 years,9,E. 5 times or more,5.00,1.00,2.00,3.00,6.00,,,7,7,8,8,8,9,9,7,9,E. 5 times or more,3.00,4.00,5.00,,,,10,,,10,10,,,10,10,10,10,E. 5 times or more,1.00,2.00,3.00,4.00,5.00,,,10,5,6,7,7,,8,,8,9,9,9,10,10,10,9,9,9,8,9,8,7,8,7,6,6,6
City_2(main devlopment center),Female,5.00,E. 51 and older ,4.00,D. 11 to 20 years,7,D. 3 to 4 times,4.00,1.00,4.00,,,,,4,7,8,8,,4,7,8,7,E. 5 times or more,2.00,3.00,4.00,,,,8,,7,9,,,,8,8,8,7,D. 3 to 4 times,3.00,7.00,8.00,,,,,9,7,7,7,7,,,,7,9,9,8,8,8,,8,,,6,8,,8,8,,,,
City_1(HQ),Female,3.00,C. 31 to 40 ,3.00,C. 6 to 10 years,5,D. 3 to 4 times,4.00,3.00,4.00,,,,,5,2,8,8,8,8,5,6,5,E. 5 times or more,2.00,4.00,,,,,7,3,1,8,,5,6,5,3,3,3,E. 5 times or more,1.00,5.00,7.00,,,,,8,8,6,9,8,,,,9,1,8,7,10,10,,10,3,4,4,10,8,8,8,1,1,1,1
City_2(main devlopment center),Female,3.00,C. 31 to 40 ,2.00,B. 3 to 5 years,7,D. 3 to 4 times,4.00,3.00,,,,,,8,8,7,8,8,7,6,6,7,D. 3 to 4 times,3.00,8.00,,,,,9,,9,9,9,,9,9,10,9,9,E. 5 times or more,1.00,2.00,7.00,,,,,9,8,7,8,8,,,9,9,8,9,7,8,8,10,10,,,7,,9,7,9,8,8,6,7
City_2(main devlopment center),Female,4.00,D. 41 to 50,5.00,E. More then 20,8,B. Once,2.00,1.00,,,,,,9,7,7,8,9,5,8,5,6,A. Zero times,,,,,,,,8,6,8,6,9,5,7,9,9,9,D. 3 to 4 times,1.00,,,,,,,10,9,9,9,9,9,9,9,9,10,10,9,10,10,10,10,10,10,10,10,10,10,10,10,10,10,10
City_1(HQ),Male,3.00,C. 31 to 40 ,2.00,B. 3 to 5 years,3,E. 5 times or more,5.00,1.00,2.00,3.00,4.00,,,7,8,6,8,4,8,8,7,8,E. 5 times or more,3.00,4.00,,,,,5,7,5,5,5,7,5,6,5,5,5,E. 5 times or more,1.00,2.00,7.00,,,,,9,6,9,8,9,6,6,6,7,2,7,6,6,6,6,6,6,6,4,6,6,6,6,7,6,6,6
City_1(HQ),Female,3.00,C. 31 to 40 ,3.00,C. 6 to 10 years,6,E. 5 times or more,5.00,1.00,,,,,,5,2,6,8,8,7,8,6,7,E. 5 times or more,3.00,4.00,5.00,6.00,,,3,,7,5,5,,5,3,6,9,3,E. 5 times or more,1.00,5.00,,,,,,7,7,7,8,,,,6,9,7,7,7,10,10,10,7,7,7,7,7,7,7,7,,7,7,7
City_1(HQ),Male,4.00,D. 41 to 50,2.00,B. 3 to 5 years,3,D. 3 to 4 times,4.00,1.00,3.00,4.00,5.00,,7.00,7,5,5,8,8,9,8,7,7,E. 5 times or more,2.00,3.00,4.00,8.00,,,1,1,1,4,1,2,1,1,1,2,1,E. 5 times or more,1.00,3.00,5.00,7.00,,,,3,9,6,7,7,,2,,,3,8,7,8,8,,5,7,4,3,5,8,7,8,7,7,7,7
City_2(main devlopment center),Male,3.00,C. 31 to 40 ,3.00,C. 6 to 10 years,7,E. 5 times or more,5.00,3.00,,,,,,7,,,7,7,10,8,7,7,B. Once,3.00,,,,,,8,,,8,,,10,9,9,9,9,E. 5 times or more,2.00,3.00,,,,,,10,7,10,7,,,,7,10,,9,9,10,10,,8,9,,9,9,8,8,8,,,,
City_1(HQ),Female,2.00,B. 21 to 30,1.00,A. upto 2 years,7,E. 5 times or more,5.00,1.00,2.00,3.00,4.00,,,8,8,8,7,7,9,9,9,8,E. 5 times or more,3.00,,,,,,8,8,8,8,,,,9,9,9,9,E. 5 times or more,1.00,3.00,,,,,,8,9,8,9,9,,,,,1,9,7,10,10,,6,7,9,4,9,9,9,9,8,,,
City_2(main devlopment center),Male,5.00,E. 51 and older ,5.00,E. More then 20,8,D. 3 to 4 times,4.00,2.00,4.00,,,,,8,8,8,7,9,9,9,8,9,D. 3 to 4 times,3.00,,,,,,9,,,9,,,,,9,9,9,E. 5 times or more,2.00,4.00,,,,,,9,9,9,9,,,,10,10,9,9,9,10,10,,9,,,9,9,10,8,10,9,9,9,9
City_1(HQ),Male,3.00,C. 31 to 40 ,3.00,C. 6 to 10 years,7,E. 5 times or more,5.00,1.00,3.00,4.00,,,,7,8,8,7,7,7,6,6,9,C. Twice,3.00,4.00,,,,,8,,8,8,8,,,7,7,6,6,C. Twice,1.00,3.00,,,,,,8,9,9,7,7,,,,,1,8,9,9,9,,7,10,,9,10,10,9,10,7,10,5,10
City_1(HQ),Male,4.00,D. 41 to 50,3.00,C. 6 to 10 years,7,D. 3 to 4 times,4.00,1.00,,,,,,8,8,7,7,8,9,,10,10,D. 3 to 4 times,2.00,3.00,4.00,6.00,8.00,,9,,10,8,10,,8,8,10,10,9,E. 5 times or more,1.00,7.00,,,,,,10,9,7,8,,,,,,3,9,7,9,,,3,,3,2,7,,4,8,,,,
City_2(main devlopment center),Male,4.00,D. 41 to 50,4.00,D. 11 to 20 years,3,D. 3 to 4 times,4.00,1.00,2.00,,,,,7,7,7,7,7,7,5,5,6,E. 5 times or more,3.00,8.00,,,,,7,7,5,5,2,,4,5,5,7,2,E. 5 times or more,1.00,2.00,3.00,5.00,,,,6,8,8,6,6,,,,8,9,7,7,7,7,7,7,7,7,2,8,7,7,8,,,,
City_2(main devlopment center),Female,3.00,C. 31 to 40 ,2.00,B. 3 to 5 years,6,D. 3 to 4 times,4.00,1.00,4.00,,,,,6,7,7,7,6,7,7,6,7,D. 3 to 4 times,2.00,3.00,8.00,,,,9,,9,9,,,9,9,9,9,9,A. Zero Times,,,,,,,,,8,7,7,,,,,,9,9,9,9,9,,9,7,8,9,8,9,8,9,,,,
City_1(HQ),Female,3.00,C. 31 to 40 ,4.00,D. 11 to 20 years,6,C. Twice,3.00,1.00,4.00,,,,,3,7,7,7,3,7,2,1,2,E. 5 times or more,3.00,4.00,,,,,7,6,2,10,2,,6,10,8,8,8,E. 5 times or more,1.00,2.00,3.00,4.00,5.00,6.00,7.00,10,10,7,10,10,,,,6,3,6,8,10,10,7,10,10,4,4,6,6,2,6,2,2,2,2
City_2(main devlopment center),Male,3.00,C. 31 to 40 ,3.00,C. 6 to 10 years,7,E. 5 times or more,5.00,1.00,3.00,4.00,5.00,,,7,4,7,7,7,9,7,6,7,C. Twice,3.00,4.00,5.00,8.00,,,8,,8,8,3,5,8,8,8,7,9,E. 5 times or more,2.00,3.00,4.00,5.00,7.00,,,9,8,6,1,8,,9,9,8,10,9,8,10,,7,6,,9,6,9,9,9,9,,,,
City_2(main devlopment center),Female,3.00,C. 31 to 40 ,3.00,C. 6 to 10 years,4,E. 5 times or more,5.00,1.00,2.00,,,,,3,1,7,7,9,10,6,8,7,E. 5 times or more,2.00,3.00,8.00,9.00,,,3,3,2,8,3,,5,5,8,2,5,E. 5 times or more,1.00,2.00,,,,,,8,7,7,3,,,,4,6,9,8,9,10,10,,9,9,9,4,9,8,8,9,,,,
City_2(main devlopment center),Female,5.00,E. 51 and older ,1.00,A. upto 2 years,8,E. 5 times or more,5.00,1.00,3.00,,,,7.00,8,7,8,6,8,9,8,7,7,D. 3 to 4 times,2.00,3.00,4.00,,,,7,8,7,7,,,,7,7,7,8,D. 3 to 4 times,1.00,2.00,5.00,7.00,,,,9,10,8,8,9,,,,9,10,9,9,9,9,10,10,9,,10,,9,9,9,,,,
City_1(HQ),Female,4.00,D. 41 to 50,4.00,D. 11 to 20 years,8,D. 3 to 4 times,4.00,2.00,3.00,,,,7.00,6,,6,6,,10,9,8,7,D. 3 to 4 times,3.00,6.00,,,,,9,,10,10,10,10,9,9,10,10,9,E. 5 times or more,1.00,2.00,7.00,,,,,9,8,7,8,10,,,,10,10,10,10,10,10,10,10,10,10,10,10,10,10,10,,,,
City_2(main devlopment center),Female,3.00,C. 31 to 40 ,2.00,B. 3 to 5 years,7,E. 5 times or more,5.00,2.00,3.00,,,,7.00,5,,6,6,,7,8,4,7,C. Twice,3.00,8.00,,,,,8,6,9,10,,,8,8,,9,8,D. 3 to 4 times,1.00,2.00,7.00,,,,,7,8,8,1,8,,,8,7,10,8,10,8,8,9,8,9,,7,9,9,9,9,,,,
City_1(HQ),Male,3.00,C. 31 to 40 ,2.00,B. 3 to 5 years,6,B. Once,2.00,6.00,,,,,,7,7,6,6,8,9,7,8,7,B. Once,8.00,,,,,,4,8,7,8,8,,8,,6,6,4,D. 3 to 4 times,1.00,4.00,5.00,7.00,,,,9,8,8,8,6,,,,8,5,8,7,7,7,8,6,7,6,4,5,6,6,7,,,,
City_1(HQ),Female,3.00,C. 31 to 40 ,2.00,B. 3 to 5 years,9,D. 3 to 4 times,4.00,1.00,3.00,4.00,,,,5,4,5,6,6,6,3,3,3,D. 3 to 4 times,2.00,3.00,4.00,,,,7,,7,7,,,,8,8,6,8,E. 5 times or more,1.00,5.00,7.00,,,,,10,10,6,7,7,,,,10,1,5,10,9,10,10,10,10,10,8,10,10,7,9,7,3,4,3
City_2(main devlopment center),Female,3.00,C. 31 to 40 ,3.00,C. 6 to 10 years,5,E. 5 times or more,5.00,1.00,2.00,3.00,,,,1,6,1,6,7,8,5,7,3,E. 5 times or more,3.00,4.00,,,,,8,,,7,,,,7,7,7,7,D. 3 to 4 times,7.00,,,,,,,9,8,7,5,7,,,,,7,8,8,8,8,8,8,10,10,3,7,8,8,9,,,,
City_2(main devlopment center),Male,3.00,C. 31 to 40 ,2.00,B. 3 to 5 years,3,E. 5 times or more,5.00,1.00,3.00,4.00,5.00,,,5,9,,5,,1,,4,4,E. 5 times or more,3.00,4.00,8.00,9.00,,,3,,3,2,1,,1,3,9,9,,E. 5 times or more,7.00,,,,,,,8,7,8,7,,,,,9,,8,8,9,,9,9,,,,,,8,8,,,,
City_2(main devlopment center),Female,3.00,C. 31 to 40 ,1.00,A. upto 2 years,7,E. 5 times or more,5.00,1.00,3.00,,,,,6,8,,5,5,5,5,6,6,E. 5 times or more,2.00,3.00,4.00,,,,6,10,9,6,,,7,7,6,5,4,E. 5 times or more,1.00,2.00,,,,,,10,8,7,6,,,,,10,9,10,10,10,10,10,10,10,9,10,10,10,10,10,,,,
City_1(HQ),Female,3.00,C. 31 to 40 ,1.00,A. upto 2 years,5,E. 5 times or more,5.00,1.00,3.00,4.00,5.00,,7.00,4,6,,5,6,5,4,6,6,E. 5 times or more,6.00,4.00,3.00,1.00,,,8,7,8,8,,,,,5,7,7,E. 5 times or more,1.00,2.00,5.00,7.00,,,,8,8,7,8,,,2,,,,,9,9,9,9,7,9,8,3,9,9,7,9,,,,
City_1(HQ),Female,3.00,C. 31 to 40 ,3.00,C. 6 to 10 years,7,D. 3 to 4 times,4.00,1.00,3.00,4.00,,,7.00,8,4,,5,,8,8,8,8,E. 5 times or more,2.00,3.00,,,,,8,6,9,7,,,,9,9,7,10,E. 5 times or more,1.00,2.00,7.00,8.00,,,,10,9,9,10,10,,,,,5,10,8,10,10,10,10,10,10,,10,10,10,10,10,9,10,10
City_1(HQ),Female,3.00,C. 31 to 40 ,4.00,D. 11 to 20 years,7,C. Twice,3.00,1.00,,,,,,4,4,5,5,6,4,4,3,4,A. Zero times,,,,,,,8,,9,9,9,,9,9,9,9,9,E. 5 times or more,1.00,7.00,,,,,,7,8,7,9,8,,8,,9,9,6,7,6,7,7,8,8,8,6,8,8,5,7,8,8,7,8
City_2(main devlopment center),Male,5.00,E. 51 and older ,4.00,D. 11 to 20 years,8,A. Zero times,1.00,,,,,,,,4,5,5,5,5,7,7,2,D. 3 to 4 times,2.00,6.00,,,,,10,,10,10,,,10,10,10,10,10,A. Zero Times,,,,,,,,9,8,8,8,8,,,,,9,9,10,10,10,10,10,9,,,,9,9,9,,,,
City_2(main devlopment center),Male,2.00,B. 21 to 30,2.00,B. 3 to 5 years,4,D. 3 to 4 times,4.00,1.00,3.00,5.00,,,,5,5,4,5,5,7,4,3,2,D. 3 to 4 times,9.00,,,,,,4,7,6,8,,,8,8,8,8,6,D. 3 to 4 times,1.00,5.00,,,,,,6,9,9,9,7,,,,8,9,8,9,10,10,7,8,8,8,5,8,8,8,8,,,,
City_1(HQ),Male,4.00,D. 41 to 50,3.00,C. 6 to 10 years,5,E. 5 times or more,5.00,1.00,2.00,3.00,4.00,,,4,3,4,3,5,2,3,3,2,D. 3 to 4 times,3.00,4.00,,,,,8,,8,6,9,,7,8,5,10,,E. 5 times or more,1.00,2.00,5.00,7.00,,,,8,9,9,6,9,,,,9,3,9,7,9,9,9,8,8,9,7,8,9,8,9,8,8,8,8
City_1(HQ),Female,2.00,B. 21 to 30,2.00,B. 3 to 5 years,5,D. 3 to 4 times,4.00,2.00,3.00,,,,,4,,3,3,,10,,6,7,E. 5 times or more,3.00,4.00,8.00,,,,8,4,,9,4,,9,,9,9,7,D. 3 to 4 times,1.00,2.00,7.00,,,,,10,10,8,8,10,,,,,7,10,10,10,10,10,8,9,9,9,10,,9,10,,,,
City_2(main devlopment center),Female,2.00,B. 21 to 30,1.00,A. upto 2 years,4,E. 5 times or more,5.00,1.00,2.00,3.00,4.00,,,3,3,3,3,3,3,2,4,8,D. 3 to 4 times,6.00,3.00,1.00,,,,4,3,10,1,,,,3,5,9,2,D. 3 to 4 times,1.00,3.00,5.00,7.00,,,,9,10,10,8,10,,,9,,9,10,10,10,10,10,10,10,10,7,10,10,10,10,,,,
City_2(main devlopment center),Male,3.00,C. 31 to 40 ,2.00,B. 3 to 5 years,5,E. 5 times or more,5.00,2.00,3.00,4.00,,,,3,,2,2,3,7,6,6,6,E. 5 times or more,3.00,4.00,,,,,7,,,7,,,7,8,8,8,7,D. 3 to 4 times,,,,,,,,9,9,7,8,9,,,8,8,9,9,9,9,,9,9,5,,6,,,,,,,,
City_1(HQ),Female,3.00,C. 31 to 40 ,3.00,C. 6 to 10 years,7,E. 5 times or more,5.00,1.00,6.00,,,,,9,,,10,9,10,9,9,10,E. 5 times or more,3.00,4.00,,,,,7,,,7,7,,5,5,5,7,5,E. 5 times or more,1.00,4.00,,,,,,10,9,8,9,9,,,,,6,10,7,8,,10,8,9,,8,8,,7,8,,,,
City_2(main devlopment center),Female,4.00,D. 41 to 50,4.00,D. 11 to 20 years,9,D. 3 to 4 times,4.00,3.00,4.00,,,,7.00,10,,,10,10,10,10,9,10,C. Twice,2.00,3.00,8.00,,,,10,,,10,,,8,10,10,10,10,D. 3 to 4 times,1.00,4.00,7.00,,,,,10,9,9,9,,,,10,,10,10,10,10,10,10,,,,7,,10,10,10,,,,
City_1(HQ),Male,3.00,C. 31 to 40 ,3.00,C. 6 to 10 years,7,E. 5 times or more,5.00,1.00,,,,,,6,5,,10,9,,7,9,7,E. 5 times or more,3.00,6.00,,,,,6,,9,10,8,,9,8,9,9,8,E. 5 times or more,1.00,4.00,5.00,7.00,,,,9,10,9,10,9,9,,,9,8,9,8,10,10,9,8,8,8,6,9,9,9,9,9,9,9,9
City_1(HQ),Female,2.00,B. 21 to 30,3.00,C. 6 to 10 years,10,E. 5 times or more,5.00,1.00,3.00,4.00,,,,10,10,,10,,10,10,10,10,E. 5 times or more,2.00,3.00,4.00,5.00,8.00,,10,10,10,10,10,10,10,10,10,10,10,E. 5 times or more,1.00,2.00,3.00,4.00,5.00,6.00,7.00,10,10,9,10,10,,,,10,10,10,10,10,10,10,10,10,,8,10,10,10,10,,,,
City_2(main devlopment center),Male,2.00,B. 21 to 30,2.00,B. 3 to 5 years,4,D. 3 to 4 times,4.00,1.00,,,,,,10,10,,10,,10,10,10,10,D. 3 to 4 times,4.00,,,,,,5,10,8,6,7,,9,7,10,10,7,E. 5 times or more,1.00,4.00,,,,,,8,10,7,8,10,,,7,8,10,8,10,10,10,10,10,10,10,10,10,10,10,10,,,,
City_1(HQ),Female,2.00,B. 21 to 30,1.00,A. upto 2 years,10,C. Twice,3.00,1.00,3.00,,,,,10,10,,10,,,10,10,10,C. Twice,4.00,6.00,,,,,9,10,10,10,10,10,10,10,10,10,10,E. 5 times or more,1.00,2.00,4.00,7.00,,,,10,10,10,10,,,,,10,6,10,10,10,10,10,10,10,10,10,10,10,10,10,,10,10,10
City_3(lastest expantion),Female,2.00,B. 21 to 30,1.00,A. upto 2 years,8,D. 3 to 4 times,4.00,3.00,2.00,,,,,9,,10,10,10,7,9,8,9,D. 3 to 4 times,4.00,3.00,1.00,,,,7,8,,8,,,,8,8,8,8,D. 3 to 4 times,1.00,3.00,5.00,,,,,10,10,10,10,10,,,,10,8,10,10,10,,10,10,7,10,8,,,10,10,,,,
City_1(HQ),Male,5.00,E. 51 and older ,4.00,D. 11 to 20 years,8,E. 5 times or more,5.00,2.00,3.00,4.00,,,,10,,10,10,,10,10,10,10,E. 5 times or more,3.00,2.00,9.00,,,,9,6,,8,8,8,9,7,7,8,9,E. 5 times or more,7.00,8.00,,,,,,10,10,10,10,10,,9,,10,10,10,10,10,8,9,9,9,10,8,10,10,10,10,10,10,10,10
City_1(HQ),Female,3.00,C. 31 to 40 ,1.00,A. upto 2 years,10,D. 3 to 4 times,4.00,1.00,5.00,,,,,9,9,10,10,10,10,10,10,10,C. Twice,6.00,5.00,2.00,1.00,,,9,8,9,10,9,10,9,10,10,10,10,E. 5 times or more,1.00,2.00,5.00,7.00,,,,8,8,6,8,10,,,10,10,8,9,10,10,10,10,10,10,10,10,10,10,10,10,,,,
City_1(HQ),Male,5.00,E. 51 and older ,3.00,C. 6 to 10 years,10,D. 3 to 4 times,4.00,4.00,5.00,,,,,6,9,10,10,9,10,9,9,10,C. Twice,7.00,8.00,,,,,8,,9,9,7,9,9,9,8,9,6,D. 3 to 4 times,1.00,3.00,4.00,5.00,7.00,,,9,9,8,10,10,,,10,10,8,9,10,9,9,9,9,9,9,8,10,10,10,9,9,10,10,10
City_1(HQ),Male,3.00,C. 31 to 40 ,2.00,B. 3 to 5 years,9,E. 5 times or more,5.00,1.00,2.00,3.00,,,,10,9,10,10,,10,10,10,10,C. Twice,2.00,3.00,,,,,9,7,7,10,,,,8,10,,10,E. 5 times or more,7.00,,,,,,,10,9,9,9,9,,,,9,9,9,10,10,10,9,10,10,9,8,10,10,10,10,,,,
City_1(HQ),Female,3.00,C. 31 to 40 ,1.00,A. upto 2 years,9,E. 5 times or more,5.00,1.00,,,,,,8,8,10,10,10,10,10,10,10,B. Once,2.00,6.00,,,,,3,9,3,10,10,,,10,10,10,10,E. 5 times or more,1.00,2.00,5.00,,,,,10,10,10,10,10,,,,8,10,8,10,10,,10,10,10,10,8,9,10,9,9,,8,10,10
City_1(HQ),Female,4.00,D. 41 to 50,3.00,C. 6 to 10 years,8,D. 3 to 4 times,4.00,1.00,4.00,,,,,10,8,10,10,,10,9,10,10,D. 3 to 4 times,3.00,4.00,6.00,,,,10,,,8,6,,7,9,9,9,7,C. Twice,,,,,,,,9,5,3,8,7,,,,,1,8,,9,,,,,,,8,,8,8,,,,
City_1(HQ),Female,4.00,D. 41 to 50,4.00,D. 11 to 20 years,,D. 3 to 4 times,4.00,1.00,2.00,3.00,4.00,,,,10,10,10,10,10,,,,D. 3 to 4 times,3.00,4.00,6.00,,,,8,,,9,9,9,9,9,,,,E. 5 times or more,1.00,2.00,4.00,7.00,,,,10,7,7,10,10,,10,,10,8,10,9,9,9,10,10,10,,9,10,10,9,10,,,,
City_1(HQ),Female,2.00,B. 21 to 30,1.00,A. upto 2 years,10,E. 5 times or more,5.00,4.00,,,,,,9,10,10,10,10,10,10,10,10,E. 5 times or more,6.00,3.00,1.00,,,,10,10,10,10,10,10,10,10,10,10,10,D. 3 to 4 times,1.00,2.00,3.00,5.00,7.00,,,10,10,10,8,10,,,,,8,10,10,10,10,10,10,10,10,10,10,10,10,10,10,10,10,10
City_1(HQ),Female,4.00,D. 41 to 50,3.00,C. 6 to 10 years,7,E. 5 times or more,5.00,1.00,2.00,4.00,,,,8,10,10,10,,10,10,9,10,E. 5 times or more,3.00,6.00,7.00,8.00,,,8,,,9,,8,9,8,8,9,8,E. 5 times or more,1.00,2.00,5.00,6.00,7.00,,,8,6,8,8,9,,,,8,,8,10,10,10,9,9,9,,1,10,9,8,10,4,2,8,6
City_1(HQ),Female,2.00,B. 21 to 30,1.00,A. upto 2 years,6,D. 3 to 4 times,4.00,1.00,3.00,4.00,,,,8,10,10,10,9,9,9,9,10,D. 3 to 4 times,4.00,3.00,1.00,,,,8,9,9,10,7,,9,10,10,9,7,D. 3 to 4 times,1.00,2.00,5.00,7.00,,,,9,9,8,9,9,,,,8,8,10,8,9,10,9,9,,,9,,,,,8,9,8,8
City_2(main devlopment center),Male,5.00,E. 51 and older ,5.00,E. More then 20,10,E. 5 times or more,5.00,,,,,,7.00,10,10,10,10,10,10,10,10,10,E. 5 times or more,2.00,6.00,7.00,9.00,,,10,10,10,10,10,10,10,10,10,10,10,E. 5 times or more,1.00,2.00,3.00,4.00,5.00,7.00,,10,10,10,10,10,,,10,10,10,10,10,10,10,10,10,10,10,10,10,10,10,10,,,,
City_1(HQ),Male,4.00,D. 41 to 50,3.00,C. 6 to 10 years,9,D. 3 to 4 times,4.00,1.00,,,,,,10,10,10,10,9,10,10,10,10,B. Once,3.00,,,,,,10,,,10,,,10,10,10,10,10,C. Twice,1.00,3.00,5.00,,,,,9,10,10,8,,,,,9,6,8,10,10,10,10,10,10,,10,,,,,,,,
City_2(main devlopment center),Male,3.00,C. 31 to 40 ,3.00,C. 6 to 10 years,10,D. 3 to 4 times,4.00,1.00,2.00,4.00,,,,10,10,10,10,8,,10,7,,E. 5 times or more,3.00,4.00,5.00,,,,8,,1,10,10,,10,9,,,8,E. 5 times or more,1.00,2.00,3.00,5.00,,,,10,8,6,10,,,,,10,8,10,10,8,8,8,8,8,,8,8,9,8,10,8,8,10,10
City_1(HQ),Female,3.00,C. 31 to 40 ,4.00,D. 11 to 20 years,8,C. Twice,3.00,4.00,,,,,,10,10,10,10,10,10,10,10,10,D. 3 to 4 times,4.00,9.00,,,,,10,,9,10,10,,9,9,10,10,10,D. 3 to 4 times,1.00,2.00,7.00,8.00,,,,10,9,9,9,10,,,9,9,9,10,,10,,10,9,10,8,8,10,,10,10,9,9,10,10
City_1(HQ),Female,3.00,C. 31 to 40 ,3.00,C. 6 to 10 years,8,B. Once,2.00,4.00,,,,,,10,10,10,10,10,10,10,10,10,C. Twice,2.00,8.00,,,,,9,10,8,10,,,9,10,10,10,8,B. Once,1.00,,,,,,,10,10,9,10,,,,,9,9,10,10,10,,,10,10,,10,10,,10,10,,,,
City_1(HQ),Female,3.00,C. 31 to 40 ,3.00,C. 6 to 10 years,6,B. Once,2.00,1.00,,,,,,6,6,1,1,6,5,6,6,6,C. Twice,4.00,,,,,,8,,7,8,,,,8,8,8,8,D. 3 to 4 times,1.00,,,,,,,7,7,1,5,5,,,7,7,8,8,6,9,9,9,9,,,,7,7,,7,6,6,6,6